#
# A fatal error has been detected by the Java Runtime Environment:
#
#  EXCEPTION_ACCESS_VIOLATION (0xc0000005) at pc=0x00007ff8a7bedba9, pid=25232, tid=39720
#
# JRE version: OpenJDK Runtime Environment Corretto-25.0.3.9.1 (25.0.3+9) (build 25.0.3+9-LTS)
# Java VM: OpenJDK 64-Bit Server VM Corretto-25.0.3.9.1 (25.0.3+9-LTS, mixed mode, tiered, compressed oops, compact obj headers, g1 gc, windows-amd64)
# Problematic frame:
# C  0x00007ff8a7bedba9
#
# No core dump will be written. Minidumps are not enabled by default on client versions of Windows
#
# If you would like to submit a bug report, please visit:
#   https://github.com/corretto/corretto-25/issues/
# The crash happened outside the Java Virtual Machine in native code.
# See problematic frame for where to report the bug.
#

---------------  S U M M A R Y ------------

Command Line: -Djpackage.app-version=6.0.34038 --add-modules=jdk.incubator.vector --enable-native-access=ai.djl.tokenizers,ai.djl.pytorch_engine,com.sun.jna,javafx.graphics,javafx.media,javafx.web,org.apache.lucene.core,jkeychain --add-opens=java.base/java.nio=org.apache.pdfbox.io --add-opens=java.base/jdk.internal.ref=org.apache.pdfbox.io -XX:+UnlockExperimentalVMOptions -XX:+UseCompactObjectHeaders -XX:+UseStringDeduplication -Djpackage.app-path=C:\Program Files\JabRef\JabRef.exe -Djdk.module.main=org.jabref org.jabref/org.jabref.Launcher C:\Users\dani_\OneDrive - TU Wien\00_PhD\06_Literatur\Dual Stage Actuation\DP_PhD_Bib.bib

Host: AMD Ryzen 7 PRO 5850U with Radeon Graphics     , 16 cores, 27G,  Windows 11 , 64 bit Build 26100 (10.0.26100.8875)
Time: Tue Jul 28 11:02:14 2026 Mitteleuropäische Sommerzeit elapsed time: 5364.794238 seconds (0d 1h 29m 24s)

---------------  T H R E A D  ---------------

Current thread (0x000001c476d744e0):  JavaThread "AWT-EventQueue-0"        [_thread_in_native, id=39720, stack(0x00000066a0d00000,0x00000066a0e00000) (1024K)]

Stack: [0x00000066a0d00000,0x00000066a0e00000],  sp=0x00000066a0dff200,  free space=1020k
Native frames: (J=compiled Java code, j=interpreted, Vv=VM code, C=native code)
C  0x00007ff8a7bedba9  (no source info available)
C  0x00007ff8a7becf52  (no source info available)
C  0x000001c44c9bd1d3  (no source info available)

The last pc belongs to native method entry point (kind = native) (printed below).
Java frames: (J=compiled Java code, j=interpreted, Vv=VM code)
j  sun.awt.Win32GraphicsConfig.getBounds(I)Ljava/awt/Rectangle;+0 java.desktop@25.0.3
j  sun.awt.Win32GraphicsConfig.getBounds()Ljava/awt/Rectangle;+8 java.desktop@25.0.3
j  sun.awt.Win32GraphicsDevice.displayChanged()V+23 java.desktop@25.0.3
j  sun.awt.Win32GraphicsEnvironment.displayChanged()V+271 java.desktop@25.0.3
j  sun.awt.windows.WToolkit.lambda$displayChanged$0()V+15 java.desktop@25.0.3
j  sun.awt.windows.WToolkit$$Lambda+0x0000000009487000.run()V+0 java.desktop@25.0.3
j  java.awt.event.InvocationEvent.dispatch()V+47 java.desktop@25.0.3
j  java.awt.EventQueue.dispatchEventImpl(Ljava/awt/AWTEvent;Ljava/lang/Object;)V+21 java.desktop@25.0.3
j  java.awt.EventQueue.dispatchEvent(Ljava/awt/AWTEvent;)V+22 java.desktop@25.0.3
j  java.awt.EventDispatchThread.pumpOneEventForFilters(I)V+81 java.desktop@25.0.3
j  java.awt.EventDispatchThread.pumpEventsForFilter(ILjava/awt/Conditional;Ljava/awt/EventFilter;)V+35 java.desktop@25.0.3
j  java.awt.EventDispatchThread.pumpEventsForHierarchy(ILjava/awt/Conditional;Ljava/awt/Component;)V+11 java.desktop@25.0.3
j  java.awt.EventDispatchThread.pumpEvents(ILjava/awt/Conditional;)V+4 java.desktop@25.0.3
j  java.awt.EventDispatchThread.pumpEvents(Ljava/awt/Conditional;)V+3 java.desktop@25.0.3
j  java.awt.EventDispatchThread.run()V+9 java.desktop@25.0.3
v  ~StubRoutines::call_stub 0x000001c44c9b12ed

siginfo: EXCEPTION_ACCESS_VIOLATION (0xc0000005), reading address 0x0000000000000028


Registers:
RAX=0x0000000000000000, RBX=0x000001c4713d03f0, RCX=0x0000000000000000, RDX=0x0000000000000000
RSP=0x00000066a0dff200, RBP=0x0000000000000000, RSI=0x0000000000000000, RDI=0x0000000000000000
R8 =0x0000000000000001, R9 =0x0000006699c1e000, R10=0x000001c407d50120, R11=0x0000000000000004
R12=0x0000000000000000, R13=0x000001c465ac1288, R14=0x000001c404094310, R15=0x0000000000000000
RIP=0x00007ff8a7bedba9, EFLAGS=0x0000000000010246

XMM[0]=0x0000000000000000 0x0000000000000000
XMM[1]=0x0000000000000000 0x00000066a0dff2d0
XMM[2]=0x0000000000000000 0x0000000000000000
XMM[3]=0x0000000000000000 0x0000000000000000
XMM[4]=0x0000000000000000 0x0000000000000000
XMM[5]=0x0000000000000000 0x0000000000000000
XMM[6]=0x0000000000000000 0x0000000000000000
XMM[7]=0x0000000000000000 0x0000000000000000
XMM[8]=0x0000000000000000 0x0000000000000000
XMM[9]=0x0000000000000000 0x0000000000000000
XMM[10]=0x0000000000000000 0x0000000000000000
XMM[11]=0x0000000000000000 0x0000000000000000
XMM[12]=0x0000000000000000 0x0000000000000000
XMM[13]=0x0000000000000000 0x0000000000000000
XMM[14]=0x0000000000000000 0x0000000000000000
XMM[15]=0x0000000000000000 0x0000000000000000
  MXCSR=0x00001fa0


Register to memory mapping:

RAX=0x0 is null
RBX=0x000001c4713d03f0 points into unknown readable memory: 0x000001c465a028d0 | d0 28 a0 65 c4 01 00 00
RCX=0x0 is null
RDX=0x0 is null
RSP=0x00000066a0dff200 is pointing into the stack for thread: 0x000001c476d744e0
RBP=0x0 is null
RSI=0x0 is null
RDI=0x0 is null
R8 =0x0000000000000001 is an unknown value
R9 =0x0000006699c1e000 points into unknown readable memory: 0x0000000000000000 | 00 00 00 00 00 00 00 00
R10={method} {0x000001c407d50128} '<init>' '(IIII)V' in 'java/awt/Rectangle'
R11=0x0000000000000004 is an unknown value
R12=0x0 is null
R13=0x000001c465ac1288 points into unknown readable memory: 0x000001c407d50120 | 20 01 d5 07 c4 01 00 00
R14=0x000001c404094310 points into unknown readable memory: 0x0000000650b67078 | 78 70 b6 50 06 00 00 00
R15=0x0 is null

Top of Stack: (sp=0x00000066a0dff200)
0x00000066a0dff200:   00007ff8a7c4c838 000001c4713d03f0   8.........=q....
0x00000066a0dff210:   000001c4081f9628 000001c4713d03f0   (.........=q....
0x00000066a0dff220:   000001c476d74928 00007ff8a7becf52   (I.v....R.......
0x00000066a0dff230:   000001c4713d03f0 000001c4713d03f0   ..=q......=q....
0x00000066a0dff240:   0000000000000000 000001c476d74928   ........(I.v....
0x00000066a0dff250:   000000066d401ed8 000001c4081ef800   ..@m............
0x00000066a0dff260:   0000000000000000 00000066a0dff280   ............f...
0x00000066a0dff270:   0000000000000000 0000000000000000   ................
0x00000066a0dff280:   000091d0dd5144ab 000000066d4028a0   .DQ......(@m....
0x00000066a0dff290:   000001c476d744e0 00000066a0dff378   .D.v....x...f...
0x00000066a0dff2a0:   000001c4081f9628 0000000000000000   (...............
0x00000066a0dff2b0:   00290c0000000001 0000000000000000   ......).........
0x00000066a0dff2c0:   00000066a0dff350 000001c44c9bd1d3   P...f......L....
0x00000066a0dff2d0:   00000066a0dff2e8 000001c4081f9628   ....f...(.......
0x00000066a0dff2e0:   000001c44c9b8b28 0000000000000000   (..L............
0x00000066a0dff2f0:   000000066d4028a0 000000066ce001c8   .(@m.......l....
0x00000066a0dff300:   000000066ce001c8 fffffffffffffff7   ...l............
0x00000066a0dff310:   0000000000000000 0000000000000005   ................
0x00000066a0dff320:   00000000094907b0 0000000000000000   ..I.............
0x00000066a0dff330:   000000066d4038a0 000001c4081f9628   .8@m....(.......
0x00000066a0dff340:   0000000000000000 00000066a0dff370   ........p...f...
0x00000066a0dff350:   00000066a0dff3c8 000001c44c9b8cc2   ....f......L....
0x00000066a0dff360:   0000000000000000 000001c44c9ba77a   ........z..L....
0x00000066a0dff370:   0000000000000000 000000066ce001c8   ...........l....
0x00000066a0dff380:   fffffffffffffff7 000001c4081f96d0   ................
0x00000066a0dff390:   0000000000000002 00000000094907b0   ..........I.....
0x00000066a0dff3a0:   0000000000000000 000000066d4038a0   .........8@m....
0x00000066a0dff3b0:   000001c4081f96e8 fffffffffffffff5   ................
0x00000066a0dff3c0:   00000066a0dff3d8 00000066a0dff428   ....f...(...f...
0x00000066a0dff3d0:   000001c44c9b8cc2 000000066ce001c8   ...L.......l....
0x00000066a0dff3e0:   fffffffffffffff7 000001c4081ef657   ........W.......
0x00000066a0dff3f0:   0000000000000003 000001c4081f0d78   ........x.......

Instructions: (pc=0x00007ff8a7bedba9)
  0x00007ff8a7bedaa9:   cc cc cc cc cc cc cc 48 89 5c 24 08 48 89 6c 24
  0x00007ff8a7bedab9:   10 48 89 74 24 18 57 48 83 ec 20 41 8b f8 0f b6
  0x00007ff8a7bedac9:   f2 48 8b e9 e8 be a2 f4 ff 48 8b d8 48 89 44 24
  0x00007ff8a7bedad9:   48 41 b8 01 00 00 00 8b d7 48 8b c8 e8 16 a2 f4
  0x00007ff8a7bedae9:   ff 48 8b c8 44 0f b6 c6 48 8b d5 e8 77 fa ff ff
  0x00007ff8a7bedaf9:   48 8b f8 48 8b cb e8 4c a4 f4 ff 90 48 8b c7 48
  0x00007ff8a7bedb09:   8b 5c 24 30 48 8b 6c 24 38 48 8b 74 24 40 48 83
  0x00007ff8a7bedb19:   c4 20 5f c3 cc cc cc 48 8b 49 28 e9 17 07 00 00
  0x00007ff8a7bedb29:   cc cc cc cc cc cc cc 48 89 5c 24 08 57 48 83 ec
  0x00007ff8a7bedb39:   20 8b f9 e8 4f a2 f4 ff 48 8b d8 48 89 44 24 38
  0x00007ff8a7bedb49:   41 b8 01 00 00 00 8b d7 48 8b c8 e8 a7 a1 f4 ff
  0x00007ff8a7bedb59:   48 8b 08 8b 39 48 8b cb e8 ea a3 f4 ff 90 8b c7
  0x00007ff8a7bedb69:   48 8b 5c 24 30 48 83 c4 20 5f c3 cc cc cc cc cc
  0x00007ff8a7bedb79:   cc cc cc cc cc cc cc 48 89 5c 24 08 57 48 83 ec
  0x00007ff8a7bedb89:   20 8b f9 e8 ff a1 f4 ff 48 8b d8 48 89 44 24 38
  0x00007ff8a7bedb99:   41 b8 01 00 00 00 8b d7 48 8b c8 e8 57 a1 f4 ff
=>0x00007ff8a7bedba9:   48 8b 78 28 48 8b cb e8 9b a3 f4 ff 90 48 8b c7
  0x00007ff8a7bedbb9:   48 8b 5c 24 30 48 83 c4 20 5f c3 cc cc cc cc cc
  0x00007ff8a7bedbc9:   cc cc cc cc cc cc cc 48 89 5c 24 08 57 48 83 ec
  0x00007ff8a7bedbd9:   20 8b f9 e8 af a1 f4 ff 48 8b d8 48 89 44 24 38
  0x00007ff8a7bedbe9:   41 b8 01 00 00 00 8b d7 48 8b c8 e8 07 a1 f4 ff
  0x00007ff8a7bedbf9:   48 8b 78 30 48 8b cb e8 4b a3 f4 ff 90 48 8b c7
  0x00007ff8a7bedc09:   48 8b 5c 24 30 48 83 c4 20 5f c3 cc cc cc cc cc
  0x00007ff8a7bedc19:   cc cc cc cc cc cc cc 48 89 5c 24 08 57 48 83 ec
  0x00007ff8a7bedc29:   20 8b f9 e8 5f a1 f4 ff 48 8b d8 48 89 44 24 38
  0x00007ff8a7bedc39:   41 b8 01 00 00 00 8b d7 48 8b c8 e8 b7 a0 f4 ff
  0x00007ff8a7bedc49:   48 8b 78 08 48 85 ff 74 07 48 8b bf 08 0c 00 00
  0x00007ff8a7bedc59:   48 8b cb e8 ef a2 f4 ff 90 48 8b c7 48 8b 5c 24
  0x00007ff8a7bedc69:   30 48 83 c4 20 5f c3 f3 0f 10 41 48 c3 cc cc cc
  0x00007ff8a7bedc79:   cc cc cc cc cc cc cc f3 0f 10 41 4c c3 cc cc cc
  0x00007ff8a7bedc89:   cc cc cc cc cc cc cc 48 89 5c 24 10 48 89 74 24
  0x00007ff8a7bedc99:   18 55 57 41 56 48 8d 6c 24 e0 48 81 ec 20 01 00


Stack slot to memory mapping:

stack at sp + 0 slots: 0x00007ff8a7c4c838 points into unknown readable memory: 0x00007ff8a7c02c50 | 50 2c c0 a7 f8 7f 00 00
stack at sp + 1 slots: 0x000001c4713d03f0 points into unknown readable memory: 0x000001c465a028d0 | d0 28 a0 65 c4 01 00 00
stack at sp + 2 slots: {method} {0x000001c4081f9630} 'getBounds' '(I)Ljava/awt/Rectangle;' in 'sun/awt/Win32GraphicsConfig'
stack at sp + 3 slots: 0x000001c4713d03f0 points into unknown readable memory: 0x000001c465a028d0 | d0 28 a0 65 c4 01 00 00
stack at sp + 4 slots: 0x000001c476d74928 points into unknown readable memory: 0x00007ff915e47dc0 | c0 7d e4 15 f9 7f 00 00
stack at sp + 5 slots: 0x00007ff8a7becf52 points into unknown readable memory: 48 8b c8 48 8d 54
stack at sp + 6 slots: 0x000001c4713d03f0 points into unknown readable memory: 0x000001c465a028d0 | d0 28 a0 65 c4 01 00 00
stack at sp + 7 slots: 0x000001c4713d03f0 points into unknown readable memory: 0x000001c465a028d0 | d0 28 a0 65 c4 01 00 00

Lock stack of current Java thread (top to bottom):

native method entry point (kind = native)  [0x000001c44c9bce00, 0x000001c44c9bd8f8]  2808 bytes
[MachCode]
  0x000001c44c9bce00: 488b 4b08 | 0fb7 492e | 584c 8d74 | ccf8 6800 | 0000 0068 | 0000 0000 | 5055 488b | ec41 5548 
  0x000001c44c9bce20: 8b43 084c | 8d68 3848 | 8b40 0868 | 0000 0000 | 5348 8b50 | 1848 8b52 | 7048 8b12 | 5248 8b53 
  0x000001c44c9bce40: 1048 85d2 | 7407 4881 | c2d0 0000 | 0052 488b | 5010 5249 | 8bc6 482b | c548 c1e8 | 0350 6800 
  0x000001c44c9bce60: 0000 0068 | f7ff ffff | 41c6 87f1 | 0400 0001 | 488b 4310 | 4885 c074 | 208b 8890 | 0000 0083 
  0x000001c44c9bce80: c102 8988 | 9000 0000 | 2388 a400 | 0000 0f84 | b209 0000 | e9cf 0000 | 0048 8b43 | 1848 85c0 
  0x000001c44c9bcea0: 0f85 b000 | 0000 e805 | 0000 00e9 | 9900 0000 | 488b d348 | 8d44 2408 | 4c89 6dc0 | 498b cfc5 
  0x000001c44c9bcec0: f877 4989 | af38 0400 | 0049 8987 | 2804 0000 | 4883 ec20 | 40f6 c40f | 0f84 1900 | 0000 4883 
  0x000001c44c9bcee0: ec08 48b8 | b0bf 5115 | f97f 0000 | ffd0 4883 | c408 e90c | 0000 0048 | b8b0 bf51 | 15f9 7f00 
  0x000001c44c9bcf00: 00ff d048 | 83c4 2049 | c787 2804 | 0000 0000 | 0000 49c7 | 8738 0400 | 0000 0000 | 0049 c787 
  0x000001c44c9bcf20: 3004 0000 | 0000 0000 | c5f8 7749 | 837f 0800 | 0f84 0500 | 0000 e9a5 | 42ff ff4c | 8b6d c04c 
  0x000001c44c9bcf40: 8b75 c84e | 8d74 f500 | c348 8b43 | 1848 85c0 | 0f84 1200 | 0000 8b48 | 0883 c102 | 8948 0823 
  0x000001c44c9bcf60: 482c 0f84 | de08 0000 | 493b a770 | 0500 000f | 8748 0000 | 0089 8424 | 00f0 ffff | 8984 2400 
  0x000001c44c9bcf80: e0ff ff89 | 8424 00d0 | ffff 8984 | 2400 c0ff | ff89 8424 | 00b0 ffff | 8984 2400 | a0ff ff89 
  0x000001c44c9bcfa0: 8424 0090 | ffff 8984 | 2400 80ff | ff49 3ba7 | 6805 0000 | 7607 4989 | a770 0500 | 0041 c687 
  0x000001c44c9bcfc0: f104 0000 | 0048 8b5d | e84c 8b5b | 0845 0fb7 | 5b2e 41c1 | e303 492b | e348 83ec | 2048 83e4 
  0x000001c44c9bcfe0: f04c 8b5b | 604d 85db | 0f85 ab00 | 0000 e805 | 0000 00e9 | 9900 0000 | 488b d348 | 8d44 2408 
  0x000001c44c9bd000: 4c89 6dc0 | 498b cfc5 | f877 4989 | af38 0400 | 0049 8987 | 2804 0000 | 4883 ec20 | 40f6 c40f 
  0x000001c44c9bd020: 0f84 1900 | 0000 4883 | ec08 48b8 | a0e8 5115 | f97f 0000 | ffd0 4883 | c408 e90c | 0000 0048 
  0x000001c44c9bd040: b8a0 e851 | 15f9 7f00 | 00ff d048 | 83c4 2049 | c787 2804 | 0000 0000 | 0000 49c7 | 8738 0400 
  0x000001c44c9bd060: 0000 0000 | 0049 c787 | 3004 0000 | 0000 0000 | c5f8 7749 | 837f 0800 | 0f84 0500 | 0000 e95d 
  0x000001c44c9bd080: 41ff ff4c | 8b6d c04c | 8b75 c84e | 8d74 f500 | c348 8b5d | e84c 8b5b | 6041 ffd3 | 488b 5de8 
  0x000001c44c9bd0a0: 4889 4518 | 440f b75b | 2c41 f6c3 | 080f 841b | 0000 004c | 8b5b 084d | 8b5b 084d | 8b5b 184d 
  0x000001c44c9bd0c0: 8b5b 704d | 8b1b 4c89 | 5d10 488d | 5510 488b | 4358 49ba | 20e0 8c15 | f97f 0000 | 493b c20f 
  0x000001c44c9bd0e0: 85ab 0000 | 00e8 0500 | 0000 e999 | 0000 0048 | 8bd3 488d | 4424 084c | 896d c049 | 8bcf c5f8 
  0x000001c44c9bd100: 7749 89af | 3804 0000 | 4989 8728 | 0400 0048 | 83ec 2040 | f6c4 0f0f | 8419 0000 | 0048 83ec 
  0x000001c44c9bd120: 0848 b8a0 | e851 15f9 | 7f00 00ff | d048 83c4 | 08e9 0c00 | 0000 48b8 | a0e8 5115 | f97f 0000 
  0x000001c44c9bd140: ffd0 4883 | c420 49c7 | 8728 0400 | 0000 0000 | 0049 c787 | 3804 0000 | 0000 0000 | 49c7 8730 
  0x000001c44c9bd160: 0400 0000 | 0000 00c5 | f877 4983 | 7f08 000f | 8405 0000 | 00e9 6640 | ffff 4c8b | 6dc0 4c8b 
  0x000001c44c9bd180: 75c8 4e8d | 74f5 00c3 | 488b 5de8 | 488b 4358 | 498d 8f48 | 0400 004c | 8d15 d500 | 0000 4d89 
  0x000001c44c9bd1a0: 9730 0400 | 00c5 f877 | 4989 af38 | 0400 0049 | 89a7 2804 | 0000 41c7 | 87d4 0400 | 0004 0000 
  0x000001c44c9bd1c0: 0049 3ba7 | c805 0000 | 7607 4989 | a7c8 0500 | 00ff d049 | 3ba7 c805 | 0000 720b | 49c7 87c8 
  0x000001c44c9bd1e0: 0500 0000 | 0000 00c5 | f877 4883 | ec10 c5fb | 1104 2448 | 83ec 1048 | 8904 2448 | c744 2408 
  0x000001c44c9bd200: 0000 0000 | 41c7 87d4 | 0400 0005 | 0000 00f0 | 8344 24c0 | 0049 3b6f | 280f 870e | 0000 0041 
  0x000001c44c9bd220: 83bf d004 | 0000 000f | 8420 0000 | 0049 8bcf | 4c8b e448 | 83ec 2048 | 83e4 f048 | b840 5153 
  0x000001c44c9bd240: 15f9 7f00 | 00ff d049 | 8be4 4d33 | e441 c787 | d404 0000 | 0800 0000 | 4d8b 97f0 | 0500 0049 
  0x000001c44c9bd260: 83fa 0074 | 3549 c787 | f005 0000 | 0000 0000 | 41ff e249 | ba80 be9b | 4cc4 0100 | 0041 ffd2 
  0x000001c44c9bd280: 4883 ec10 | c5fb 1104 | 2448 83ec | 1048 8904 | 2448 c744 | 2408 0000 | 0000 49c7 | 8728 0400 
  0x000001c44c9bd2a0: 0000 0000 | 0049 c787 | 3804 0000 | 0000 0000 | 49c7 8730 | 0400 0000 | 0000 00c5 | f877 4d8b 
  0x000001c44c9bd2c0: 9fb8 0400 | 0041 c783 | 0001 0000 | 0000 0000 | 49bb 7aa7 | 9b4c c401 | 0000 4c3b | 5d18 0f85 
  0x000001c44c9bd2e0: 5501 0000 | 488b 0424 | 4883 c410 | 4885 c00f | 842f 0100 | 00a8 030f | 8508 0000 | 0048 8b00 
  0x000001c44c9bd300: e91f 0100 | 00a8 010f | 8509 0000 | 0048 8b40 | fee9 0e01 | 0000 488b | 40ff 4180 | 7f48 000f 
  0x000001c44c9bd320: 84ff 0000 | 0048 83f8 | 000f 84f5 | 0000 004d | 8b5f 384d | 85db 0f84 | 1400 0000 | 4983 eb08 
  0x000001c44c9bd340: 4d89 5f38 | 4d03 5f40 | 4989 03e9 | d400 0000 | 4883 ec70 | 4889 0424 | 4889 4c24 | 0848 8954 
  0x000001c44c9bd360: 2410 4c89 | 4424 184c | 894c 2420 | 4c89 5424 | 284c 895c | 2430 c5fb | 1144 2440 | c5fb 114c 
  0x000001c44c9bd380: 2448 c5fb | 1154 2450 | c5fb 115c | 2458 c5fb | 1164 2460 | c5fb 116c | 2468 498b | d748 8bc8 
  0x000001c44c9bd3a0: 4883 ec20 | 40f6 c40f | 0f84 1900 | 0000 4883 | ec08 48b8 | b005 4615 | f97f 0000 | ffd0 4883 
  0x000001c44c9bd3c0: c408 e90c | 0000 0048 | b8b0 0546 | 15f9 7f00 | 00ff d048 | 83c4 20c5 | fb10 6c24 | 68c5 fb10 
  0x000001c44c9bd3e0: 6424 60c5 | fb10 5c24 | 58c5 fb10 | 5424 50c5 | fb10 4c24 | 48c5 fb10 | 4424 404c | 8b5c 2430 
  0x000001c44c9bd400: 4c8b 5424 | 284c 8b4c | 2420 4c8b | 4424 1848 | 8b54 2410 | 488b 4c24 | 0848 8b04 | 2448 83c4 
  0x000001c44c9bd420: 70c5 f877 | 4889 4510 | 4883 ec10 | 4889 0424 | 48c7 4424 | 0800 0000 | 0041 83bf | 5005 0000 
  0x000001c44c9bd440: 020f 85bf | 0000 0048 | 81ec 8000 | 0000 4889 | 4424 7848 | 894c 2470 | 4889 5424 | 6848 895c 
  0x000001c44c9bd460: 2460 4889 | 6c24 5048 | 8974 2448 | 4889 7c24 | 404c 8944 | 2438 4c89 | 4c24 304c | 8954 2428 
  0x000001c44c9bd480: 4c89 5c24 | 204c 8964 | 2418 4c89 | 6c24 104c | 8974 2408 | 4c89 3c24 | 4c8b e448 | 83ec 2048 
  0x000001c44c9bd4a0: 83e4 f048 | b830 c78c | 15f9 7f00 | 00ff d049 | 8be4 4c8b | 3c24 4c8b | 7424 084c | 8b6c 2410 
  0x000001c44c9bd4c0: 4c8b 6424 | 184c 8b5c | 2420 4c8b | 5424 284c | 8b4c 2430 | 4c8b 4424 | 3848 8b7c | 2440 488b 
  0x000001c44c9bd4e0: 7424 4848 | 8b6c 2450 | 488b 5c24 | 6048 8b54 | 2468 488b | 4c24 7048 | 8b44 2478 | 4881 c480 
  0x000001c44c9bd500: 0000 004d | 33e4 488b | 5de8 4c8b | 6b08 4d8d | 6d38 4983 | 7f08 000f | 84bb 0000 | 00e8 0500 
  0x000001c44c9bd520: 0000 e996 | 0000 0048 | 8d44 2408 | 4c89 6dc0 | 498b cfc5 | f877 4989 | af38 0400 | 0049 8987 
  0x000001c44c9bd540: 2804 0000 | 4883 ec20 | 40f6 c40f | 0f84 1900 | 0000 4883 | ec08 48b8 | d006 5215 | f97f 0000 
  0x000001c44c9bd560: ffd0 4883 | c408 e90c | 0000 0048 | b8d0 0652 | 15f9 7f00 | 00ff d048 | 83c4 2049 | c787 2804 
  0x000001c44c9bd580: 0000 0000 | 0000 49c7 | 8738 0400 | 0000 0000 | 0049 c787 | 3004 0000 | 0000 0000 | c5f8 7749 
  0x000001c44c9bd5a0: 837f 0800 | 0f84 0500 | 0000 e931 | 3cff ff4c | 8b6d c04c | 8b75 c84e | 8d74 f500 | c348 b9a0 
  0x000001c44c9bd5c0: a0be 15f9 | 7f00 0048 | 83e4 f048 | b830 3d79 | 15f9 7f00 | 00ff d0f4 | 440f b75b | 2c41 f6c3 
  0x000001c44c9bd5e0: 200f 8472 | 0100 0048 | 8d55 a84c | 8b5a 084d | 85db 0f85 | bb00 0000 | e805 0000 | 00e9 9600 
  0x000001c44c9bd600: 0000 488d | 4424 084c | 896d c049 | 8bcf c5f8 | 7749 89af | 3804 0000 | 4989 8728 | 0400 0048 
  0x000001c44c9bd620: 83ec 2040 | f6c4 0f0f | 8419 0000 | 0048 83ec | 0848 b800 | 0652 15f9 | 7f00 00ff | d048 83c4 
  0x000001c44c9bd640: 08e9 0c00 | 0000 48b8 | 0006 5215 | f97f 0000 | ffd0 4883 | c420 49c7 | 8728 0400 | 0000 0000 
  0x000001c44c9bd660: 0049 c787 | 3804 0000 | 0000 0000 | 49c7 8730 | 0400 0000 | 0000 00c5 | f877 4983 | 7f08 000f 
  0x000001c44c9bd680: 8405 0000 | 00e9 563b | ffff 4c8b | 6dc0 4c8b | 75c8 4e8d | 74f5 00c3 | 48b9 a0a0 | be15 f97f 
  0x000001c44c9bd6a0: 0000 4883 | e4f0 48b8 | 303d 7915 | f97f 0000 | ffd0 f44c | 896d c04c | 8b4a 0848 | c742 0800 
  0x000001c44c9bd6c0: 0000 0045 | 8b87 d806 | 0000 4f3b | 4c07 f80f | 8542 0000 | 0041 83af | d806 0000 | 084f 3b4c 
  0x000001c44c9bd6e0: 07f0 0f84 | 2a00 0000 | 498b 01a8 | 020f 8512 | 0000 004c | 8bc0 4983 | c801 f04d | 0fb1 010f 
  0x000001c44c9bd700: 840d 0000 | 0041 8387 | d806 0000 | 08e9 0500 | 0000 e93e | 0000 004c | 894a 0848 | 8bca 4883 
  0x000001c44c9bd720: ec20 40f6 | c40f 0f84 | 1900 0000 | 4883 ec08 | 48b8 90d8 | 5115 f97f | 0000 ffd0 | 4883 c408 
  0x000001c44c9bd740: e90c 0000 | 0048 b890 | d851 15f9 | 7f00 00ff | d048 83c4 | 204c 8b6d | c041 c687 | 9603 0000 
  0x000001c44c9bd760: 0149 3b6f | 280f 8705 | 0000 00e9 | ab00 0000 | 4883 ec10 | c5fb 1104 | 2448 83ec | 1048 8904 
  0x000001c44c9bd780: 2448 c744 | 2408 0000 | 0000 c5f8 | 7749 89af | 3804 0000 | 49ba 8ad7 | 9b4c c401 | 0000 4d89 
  0x000001c44c9bd7a0: 9730 0400 | 0049 89a7 | 2804 0000 | 498b cf48 | 83ec 2040 | f6c4 0f0f | 8419 0000 | 0048 83ec 
  0x000001c44c9bd7c0: 0848 b840 | bf51 15f9 | 7f00 00ff | d048 83c4 | 08e9 0c00 | 0000 48b8 | 40bf 5115 | f97f 0000 
  0x000001c44c9bd7e0: ffd0 4883 | c420 49c7 | 8728 0400 | 0000 0000 | 0049 c787 | 3804 0000 | 0000 0000 | 49c7 8730 
  0x000001c44c9bd800: 0400 0000 | 0000 00c5 | f877 488b | 0424 4883 | c410 c5fb | 1004 2448 | 83c4 1048 | 8b04 2448 
  0x000001c44c9bd820: 83c4 10c5 | fb10 0424 | 4883 c410 | 4c8b 5d18 | 41ff d34c | 8b5d f8c9 | 41c6 8796 | 0300 0000 
  0x000001c44c9bd840: 5f49 8be3 | ffe7 ba00 | 0000 00e8 | 0500 0000 | e996 0000 | 0048 8d44 | 2408 4c89 | 6dc0 498b 
  0x000001c44c9bd860: cfc5 f877 | 4989 af38 | 0400 0049 | 8987 2804 | 0000 4883 | ec20 40f6 | c40f 0f84 | 1900 0000 
  0x000001c44c9bd880: 4883 ec08 | 48b8 a0ce | 5115 f97f | 0000 ffd0 | 4883 c408 | e90c 0000 | 0048 b8a0 | ce51 15f9 
  0x000001c44c9bd8a0: 7f00 00ff | d048 83c4 | 2049 c787 | 2804 0000 | 0000 0000 | 49c7 8738 | 0400 0000 | 0000 0049 
  0x000001c44c9bd8c0: c787 3004 | 0000 0000 | 0000 c5f8 | 7749 837f | 0800 0f84 | 0500 0000 | e903 39ff | ff4c 8b6d 
  0x000001c44c9bd8e0: c04c 8b75 | c84e 8d74 | f500 c348 | 8b5d e8e9 | 74f6 ffff | 0f1f 4000 
[/MachCode]

---------------  P R O C E S S  ---------------

Threads class SMR info:
_java_thread_list=0x000001c4714f1ba0, length=63, elements={
0x000001c42c94a430, 0x000001c46093c880, 0x000001c46093de80, 0x000001c460953370,
0x000001c460954080, 0x000001c46094b550, 0x000001c46094e8c0, 0x000001c460952090,
0x000001c4609743a0, 0x000001c460995790, 0x000001c4651cdc20, 0x000001c4651e1890,
0x000001c46577b060, 0x000001c466364730, 0x000001c466364ef0, 0x000001c4663687d0,
0x000001c466368f90, 0x000001c466372b40, 0x000001c465a9feb0, 0x000001c465aa0680,
0x000001c465aa1df0, 0x000001c465a9f6e0, 0x000001c465ad5070, 0x000001c466358150,
0x000001c4663598c0, 0x000001c4663569e0, 0x000001c46637ca40, 0x000001c46637baa0,
0x000001c466379390, 0x000001c46637e1b0, 0x000001c46637b2d0, 0x000001c465a9b090,
0x000001c46637f150, 0x000001c4661e8420, 0x000001c4661e93c0, 0x000001c466fef250,
0x000001c466fed310, 0x000001c466ff1960, 0x000001c466ff2900, 0x000001c4662d16e0,
0x000001c46cfce010, 0x000001c46cfcd070, 0x000001c46cfd0ef0, 0x000001c4662d2680,
0x000001c4662d5d30, 0x000001c45da75900, 0x000001c45da7fd10, 0x000001c45da81c50,
0x000001c45da82420, 0x000001c46cfcc8a0, 0x000001c476d76420, 0x000001c476d7ba10,
0x000001c476d7c1e0, 0x000001c4728f9f60, 0x000001c471f1b200, 0x000001c4728f9790,
0x000001c476c301a0, 0x000001c472828840, 0x000001c476c1a9e0, 0x000001c476c153f0,
0x000001c476c22eb0, 0x000001c4661eca70, 0x000001c476d744e0
}

Java Threads: ( => current thread )
  0x000001c42c94a430 JavaThread "main"                              [_thread_blocked, id=34360, stack(0x000000669a200000,0x000000669a300000) (1024K)]
  0x000001c46093c880 JavaThread "Reference Handler"          daemon [_thread_blocked, id=33100, stack(0x000000669aa00000,0x000000669ab00000) (1024K)]
  0x000001c46093de80 JavaThread "Finalizer"                  daemon [_thread_blocked, id=9352, stack(0x000000669ab00000,0x000000669ac00000) (1024K)]
  0x000001c460953370 JavaThread "Signal Dispatcher"          daemon [_thread_blocked, id=38948, stack(0x000000669ac00000,0x000000669ad00000) (1024K)]
  0x000001c460954080 JavaThread "Attach Listener"            daemon [_thread_blocked, id=42568, stack(0x000000669ad00000,0x000000669ae00000) (1024K)]
  0x000001c46094b550 JavaThread "Service Thread"             daemon [_thread_blocked, id=38576, stack(0x000000669ae00000,0x000000669af00000) (1024K)]
  0x000001c46094e8c0 JavaThread "Monitor Deflation Thread"   daemon [_thread_blocked, id=17076, stack(0x000000669af00000,0x000000669b000000) (1024K)]
  0x000001c460952090 JavaThread "C2 CompilerThread0"         daemon [_thread_blocked, id=26064, stack(0x000000669b000000,0x000000669b100000) (1024K)]
  0x000001c4609743a0 JavaThread "C1 CompilerThread0"         daemon [_thread_blocked, id=8364, stack(0x000000669b100000,0x000000669b200000) (1024K)]
  0x000001c460995790 JavaThread "StringDedupThread"          daemon [_thread_blocked, id=7952, stack(0x000000669b200000,0x000000669b300000) (1024K)]
  0x000001c4651cdc20 JavaThread "Notification Thread"        daemon [_thread_blocked, id=34260, stack(0x000000669b600000,0x000000669b700000) (1024K)]
  0x000001c4651e1890 JavaThread "Common-Cleaner"             daemon [_thread_blocked, id=13256, stack(0x000000669b700000,0x000000669b800000) (1024K)]
  0x000001c46577b060 JavaThread "JNA Cleaner"                daemon [_thread_blocked, id=8744, stack(0x000000669b400000,0x000000669b500000) (1024K)]
  0x000001c466364730 JavaThread "InnocuousThread-1"          daemon [_thread_in_native, id=12996, stack(0x000000669ba00000,0x000000669bb00000) (1024K)]
  0x000001c466364ef0 JavaThread "InnocuousThread-2"          daemon [_thread_in_native, id=32208, stack(0x000000669c900000,0x000000669ca00000) (1024K)]
  0x000001c4663687d0 JavaThread "InnocuousThread-3"          daemon [_thread_in_native, id=8624, stack(0x000000669ca00000,0x000000669cb00000) (1024K)]
  0x000001c466368f90 JavaThread "InnocuousThread-4"          daemon [_thread_in_native, id=35292, stack(0x000000669cc00000,0x000000669cd00000) (1024K)]
  0x000001c466372b40 JavaThread "InnocuousThread-5"          daemon [_thread_in_native, id=14744, stack(0x000000669cd00000,0x000000669ce00000) (1024K)]
  0x000001c465a9feb0 JavaThread "InnocuousThread-6"          daemon [_thread_in_native, id=32456, stack(0x000000669ce00000,0x000000669cf00000) (1024K)]
  0x000001c465aa0680 JavaThread "InnocuousThread-7"          daemon [_thread_in_native, id=12016, stack(0x000000669cf00000,0x000000669d000000) (1024K)]
  0x000001c465aa1df0 JavaThread "InnocuousThread-8"          daemon [_thread_in_native, id=43312, stack(0x000000669d000000,0x000000669d100000) (1024K)]
  0x000001c465a9f6e0 JavaThread "InnocuousThread-9"          daemon [_thread_in_native, id=13916, stack(0x000000669d100000,0x000000669d200000) (1024K)]
  0x000001c465ad5070 JavaThread "InnocuousThread-10"         daemon [_thread_in_native, id=44144, stack(0x000000669d200000,0x000000669d300000) (1024K)]
  0x000001c466358150 JavaThread "InnocuousThread-11"         daemon [_thread_in_native, id=42240, stack(0x000000669d300000,0x000000669d400000) (1024K)]
  0x000001c4663598c0 JavaThread "InnocuousThread-12"         daemon [_thread_in_native, id=40324, stack(0x000000669d400000,0x000000669d500000) (1024K)]
  0x000001c4663569e0 JavaThread "InnocuousThread-13"         daemon [_thread_in_native, id=14832, stack(0x000000669d500000,0x000000669d600000) (1024K)]
  0x000001c46637ca40 JavaThread "InnocuousThread-14"         daemon [_thread_in_native, id=2492, stack(0x000000669d600000,0x000000669d700000) (1024K)]
  0x000001c46637baa0 JavaThread "InnocuousThread-15"         daemon [_thread_in_native, id=4140, stack(0x000000669d700000,0x000000669d800000) (1024K)]
  0x000001c466379390 JavaThread "InnocuousThread-16"         daemon [_thread_in_native, id=22888, stack(0x000000669d800000,0x000000669d900000) (1024K)]
  0x000001c46637e1b0 JavaThread "InnocuousThread-17"         daemon [_thread_in_native, id=23456, stack(0x000000669d900000,0x000000669da00000) (1024K)]
  0x000001c46637b2d0 JavaThread "Cleaner-0"                  daemon [_thread_blocked, id=39424, stack(0x000000669b300000,0x000000669b400000) (1024K)]
  0x000001c465a9b090 JavaThread "JavaFX-Launcher"                   [_thread_blocked, id=39276, stack(0x000000669dd00000,0x000000669de00000) (1024K)]
  0x000001c46637f150 JavaThread "QuantumRenderer-0"          daemon [_thread_blocked, id=43388, stack(0x000000669b800000,0x000000669b900000) (1024K)]
  0x000001c4661e8420 JavaThread "InvokeLaterDispatcher"      daemon [_thread_blocked, id=4688, stack(0x000000669de00000,0x000000669df00000) (1024K)]
  0x000001c4661e93c0 JavaThread "JavaFX Application Thread"         [_thread_in_native, id=38020, stack(0x000000669b500000,0x000000669b600000) (1024K)]
  0x000001c466fef250 JavaThread "timer"                      daemon [_thread_blocked, id=43260, stack(0x000000669ed00000,0x000000669ee00000) (1024K)]
  0x000001c466fed310 JavaThread "FileUpdateMonitor"                 [_thread_blocked, id=9260, stack(0x000000669ee00000,0x000000669ef00000) (1024K)]
  0x000001c466ff1960 JavaThread "commons-io-FileAlterationMonitor"        [_thread_blocked, id=27712, stack(0x000000669ef00000,0x000000669f000000) (1024K)]
  0x000001c466ff2900 JavaThread "FileSystemWatchService"     daemon [_thread_in_native, id=2572, stack(0x000000669f000000,0x000000669f100000) (1024K)]
  0x000001c4662d16e0 JavaThread "Thread-6"                   daemon [_thread_in_native, id=18448, stack(0x000000669ec00000,0x000000669ed00000) (1024K)]
  0x000001c46cfce010 JavaThread "Prism Font Disposer"        daemon [_thread_blocked, id=13824, stack(0x000000669f100000,0x000000669f200000) (1024K)]
  0x000001c46cfcd070 JavaThread "Java2D Disposer"            daemon [_thread_blocked, id=7912, stack(0x000000669f300000,0x000000669f400000) (1024K)]
  0x000001c46cfd0ef0 JavaThread "AWT-Windows"                daemon [_thread_in_native, id=22204, stack(0x000000669f500000,0x000000669f600000) (1024K)]
  0x000001c4662d2680 JavaThread "HttpClient-1-SelectorManager" daemon [_thread_in_native, id=24360, stack(0x000000669f800000,0x000000669f900000) (1024K)]
  0x000001c4662d5d30 JavaThread "pool-2-thread-1"                   [_thread_blocked, id=15908, stack(0x000000669fa00000,0x000000669fb00000) (1024K)]
  0x000001c45da75900 JavaThread "Disposer"                   daemon [_thread_blocked, id=18568, stack(0x000000669db00000,0x000000669dc00000) (1024K)]
  0x000001c45da7fd10 JavaThread "pool-2-thread-2"                   [_thread_blocked, id=12452, stack(0x000000669f700000,0x000000669f800000) (1024K)]
  0x000001c45da81c50 JavaThread "pool-2-thread-3"                   [_thread_blocked, id=41952, stack(0x000000669f900000,0x000000669fa00000) (1024K)]
  0x000001c45da82420 JavaThread "pool-2-thread-4"                   [_thread_blocked, id=37044, stack(0x000000669fb00000,0x000000669fc00000) (1024K)]
  0x000001c46cfcc8a0 JavaThread "pool-2-thread-5"                   [_thread_blocked, id=12512, stack(0x000000669fd00000,0x000000669fe00000) (1024K)]
  0x000001c476d76420 JavaThread "Cleaner-1"                  daemon [_thread_blocked, id=888, stack(0x00000066a0400000,0x00000066a0500000) (1024K)]
  0x000001c476d7ba10 JavaThread "JabRef - Remote Listener Server on port 6050"        [_thread_in_native, id=40592, stack(0x00000066a0300000,0x00000066a0400000) (1024K)]
  0x000001c476d7c1e0 JavaThread "pool-3-thread-1"                   [_thread_blocked, id=33372, stack(0x00000066a0100000,0x00000066a0200000) (1024K)]
  0x000001c4728f9f60 JavaThread "pool-8-thread-1"                   [_thread_blocked, id=16612, stack(0x00000066a1100000,0x00000066a1200000) (1024K)]
  0x000001c471f1b200 JavaThread "pool-8-thread-2"                   [_thread_blocked, id=41272, stack(0x000000669da00000,0x000000669db00000) (1024K)]
  0x000001c4728f9790 JavaThread "ProgressCounter-PeriodicUpdate" daemon [_thread_blocked, id=20188, stack(0x00000066a0c00000,0x00000066a0d00000) (1024K)]
  0x000001c476c301a0 JavaThread "ProgressCounter-PeriodicUpdate" daemon [_thread_blocked, id=30924, stack(0x00000066a0e00000,0x00000066a0f00000) (1024K)]
  0x000001c472828840 JavaThread "ProgressCounter-PeriodicUpdate" daemon [_thread_blocked, id=28116, stack(0x000000669cb00000,0x000000669cc00000) (1024K)]
  0x000001c476c1a9e0 JavaThread "ProgressCounter-PeriodicUpdate" daemon [_thread_blocked, id=31504, stack(0x000000669dc00000,0x000000669dd00000) (1024K)]
  0x000001c476c153f0 JavaThread "ProgressCounter-PeriodicUpdate" daemon [_thread_blocked, id=33044, stack(0x000000669e000000,0x000000669e100000) (1024K)]
  0x000001c476c22eb0 JavaThread "HttpClient-2-SelectorManager" daemon [_thread_in_native, id=20640, stack(0x000000669eb00000,0x000000669ec00000) (1024K)]
  0x000001c4661eca70 JavaThread "AWT-Shutdown"                      [_thread_blocked, id=32740, stack(0x00000066a0b00000,0x00000066a0c00000) (1024K)]
=>0x000001c476d744e0 JavaThread "AWT-EventQueue-0"                  [_thread_in_native, id=39720, stack(0x00000066a0d00000,0x00000066a0e00000) (1024K)]
Total: 63

Other Threads:
  0x000001c45dafbad0 VMThread "VM Thread"                           [id=9724, stack(0x000000669a900000,0x000000669aa00000) (1024K)]
  0x000001c45dae8b60 WatcherThread "VM Periodic Task Thread"        [id=30624, stack(0x000000669a800000,0x000000669a900000) (1024K)]
  0x000001c45d957b10 WorkerThread "GC Thread#0"                     [id=16132, stack(0x000000669a300000,0x000000669a400000) (1024K)]
  0x000001c465bb31f0 WorkerThread "GC Thread#1"                     [id=44072, stack(0x000000669bb00000,0x000000669bc00000) (1024K)]
  0x000001c465ad1470 WorkerThread "GC Thread#2"                     [id=33656, stack(0x000000669bc00000,0x000000669bd00000) (1024K)]
  0x000001c465ad1ca0 WorkerThread "GC Thread#3"                     [id=32864, stack(0x000000669bd00000,0x000000669be00000) (1024K)]
  0x000001c465ad24e0 WorkerThread "GC Thread#4"                     [id=31724, stack(0x000000669be00000,0x000000669bf00000) (1024K)]
  0x000001c465ad2910 WorkerThread "GC Thread#5"                     [id=9664, stack(0x000000669bf00000,0x000000669c000000) (1024K)]
  0x000001c465c1cf30 WorkerThread "GC Thread#6"                     [id=21384, stack(0x000000669c000000,0x000000669c100000) (1024K)]
  0x000001c465c1d360 WorkerThread "GC Thread#7"                     [id=32108, stack(0x000000669c100000,0x000000669c200000) (1024K)]
  0x000001c465cfbea0 WorkerThread "GC Thread#8"                     [id=16544, stack(0x000000669c200000,0x000000669c300000) (1024K)]
  0x000001c465cfba50 WorkerThread "GC Thread#9"                     [id=23928, stack(0x000000669c300000,0x000000669c400000) (1024K)]
  0x000001c465cfc2f0 WorkerThread "GC Thread#10"                    [id=19076, stack(0x000000669c400000,0x000000669c500000) (1024K)]
  0x000001c465cfc740 WorkerThread "GC Thread#11"                    [id=4764, stack(0x000000669c500000,0x000000669c600000) (1024K)]
  0x000001c465cfcb90 WorkerThread "GC Thread#12"                    [id=36144, stack(0x000000669c600000,0x000000669c700000) (1024K)]
  0x000001c42eedf0e0 ConcurrentGCThread "G1 Main Marker"            [id=13788, stack(0x000000669a400000,0x000000669a500000) (1024K)]
  0x000001c42eee0390 WorkerThread "G1 Conc#0"                       [id=17156, stack(0x000000669a500000,0x000000669a600000) (1024K)]
  0x000001c465cfcfe0 WorkerThread "G1 Conc#1"                       [id=42672, stack(0x000000669c700000,0x000000669c800000) (1024K)]
  0x000001c465cfd430 WorkerThread "G1 Conc#2"                       [id=25456, stack(0x000000669c800000,0x000000669c900000) (1024K)]
  0x000001c45d9b2760 ConcurrentGCThread "G1 Refine#0"               [id=37868, stack(0x000000669a600000,0x000000669a700000) (1024K)]
  0x000001c45d9b5280 ConcurrentGCThread "G1 Service"                [id=15176, stack(0x000000669a700000,0x000000669a800000) (1024K)]
Total: 21

Threads with active compile tasks:
Total: 0

VM state: not at safepoint (normal execution)

VM Mutex/Monitor currently owned by a thread: None

Heap address: 0x0000000642c00000, size: 7124 MB, Compressed Oops mode: Zero based, Oop shift amount: 3

CDS archive(s) not mapped
Compressed class space mapped at: 0x0000000008000000-0x0000000048000000, reserved size: 1073741824
UseCompressedClassPointers 1, UseCompactObjectHeaders 1
Narrow klass pointer bits 22, Max shift 10
Narrow klass base: 0x0000000008000000, Narrow klass shift: 9
Encoding Range: [0x0000000008000000 - 0x0000000088000000), (2147483648 bytes)
Klass Range:    [0x0000000008000000 - 0x0000000048000000), (1073741824 bytes)
Klass ID Range:  [1 - 2097152) (2097151)
Protection zone: [0x0000000008000000 - 0x0000000008010000), (65536 bytes)

GC Precious Log:
 CardTable entry size: 512
 Card Set container configuration: InlinePtr #cards 4 size 8 Array Of Cards #cards 32 size 80 Howl #buckets 8 coarsen threshold 7372 Howl Bitmap #cards 1024 size 144 coarsen threshold 921 Card regions per heap region 1 cards per card region 8192
 CPUs: 16 total, 16 available
 Memory: 28494M
 Large Page Support: Disabled
 NUMA Support: Disabled
 Compressed Oops: Enabled (Zero based)
 Heap Region Size: 4M
 Heap Min Capacity: 8M
 Heap Initial Capacity: 448M
 Heap Max Capacity: 7124M
 Pre-touch: Disabled
 Parallel Workers: 13
 Concurrent Workers: 3
 Concurrent Refinement Workers: 13
 Periodic GC: Disabled
 String Deduplication is enabled

Heap:
 garbage-first heap   total reserved 7294976K, committed 724992K, used 347698K [0x0000000642c00000, 0x0000000800000000)
  region size 4096K, 23 young (94208K), 6 survivors (24576K)

Heap Regions: E=young(eden), S=young(survivor), O=old, HS=humongous(starts), HC=humongous(continues), CS=collection set, F=free, TAMS=top-at-mark-start, PB=parsable bottom
|   0|0x0000000642c00000, 0x0000000643000000, 0x0000000643000000|100%| O|  |TAMS 0x0000000642c00000| PB 0x0000000642c00000| Untracked |  0
|   1|0x0000000643000000, 0x0000000643400000, 0x0000000643400000|100%| O|  |TAMS 0x0000000643000000| PB 0x0000000643000000| Untracked |  0
|   2|0x0000000643400000, 0x0000000643800000, 0x0000000643800000|100%| O|  |TAMS 0x0000000643400000| PB 0x0000000643400000| Untracked |  0
|   3|0x0000000643800000, 0x0000000643c00000, 0x0000000643c00000|100%| O|  |TAMS 0x0000000643800000| PB 0x0000000643800000| Untracked |  0
|   4|0x0000000643c00000, 0x0000000644000000, 0x0000000644000000|100%| O|  |TAMS 0x0000000643c00000| PB 0x0000000643c00000| Untracked |  0
|   5|0x0000000644000000, 0x0000000644400000, 0x0000000644400000|100%| O|  |TAMS 0x0000000644000000| PB 0x0000000644000000| Untracked |  0
|   6|0x0000000644400000, 0x0000000644800000, 0x0000000644800000|100%| O|  |TAMS 0x0000000644400000| PB 0x0000000644400000| Untracked |  0
|   7|0x0000000644800000, 0x0000000644c00000, 0x0000000644c00000|100%| O|  |TAMS 0x0000000644800000| PB 0x0000000644800000| Untracked |  0
|   8|0x0000000644c00000, 0x0000000645000000, 0x0000000645000000|100%| O|  |TAMS 0x0000000644c00000| PB 0x0000000644c00000| Untracked |  0
|   9|0x0000000645000000, 0x0000000645400000, 0x0000000645400000|100%| O|  |TAMS 0x0000000645000000| PB 0x0000000645000000| Untracked |  0
|  10|0x0000000645400000, 0x0000000645800000, 0x0000000645800000|100%| O|  |TAMS 0x0000000645400000| PB 0x0000000645400000| Untracked |  0
|  11|0x0000000645800000, 0x0000000645c00000, 0x0000000645c00000|100%| O|  |TAMS 0x0000000645800000| PB 0x0000000645800000| Untracked |  0
|  12|0x0000000645c00000, 0x0000000646000000, 0x0000000646000000|100%| O|  |TAMS 0x0000000645c00000| PB 0x0000000645c00000| Untracked |  0
|  13|0x0000000646000000, 0x0000000646400000, 0x0000000646400000|100%| O|  |TAMS 0x0000000646000000| PB 0x0000000646000000| Untracked |  0
|  14|0x0000000646400000, 0x0000000646800000, 0x0000000646800000|100%| O|  |TAMS 0x0000000646400000| PB 0x0000000646400000| Untracked |  0
|  15|0x0000000646800000, 0x0000000646c00000, 0x0000000646c00000|100%| O|  |TAMS 0x0000000646800000| PB 0x0000000646800000| Untracked |  0
|  16|0x0000000646c00000, 0x0000000647000000, 0x0000000647000000|100%| O|  |TAMS 0x0000000646c00000| PB 0x0000000646c00000| Untracked |  0
|  17|0x0000000647000000, 0x0000000647400000, 0x0000000647400000|100%| O|  |TAMS 0x0000000647000000| PB 0x0000000647000000| Untracked |  0
|  18|0x0000000647400000, 0x0000000647800000, 0x0000000647800000|100%| O|  |TAMS 0x0000000647400000| PB 0x0000000647400000| Untracked |  0
|  19|0x0000000647800000, 0x0000000647c00000, 0x0000000647c00000|100%| O|  |TAMS 0x0000000647800000| PB 0x0000000647800000| Untracked |  0
|  20|0x0000000647c00000, 0x0000000648000000, 0x0000000648000000|100%| O|  |TAMS 0x0000000647c00000| PB 0x0000000647c00000| Untracked |  0
|  21|0x0000000648000000, 0x0000000648400000, 0x0000000648400000|100%| O|  |TAMS 0x0000000648000000| PB 0x0000000648000000| Untracked |  0
|  22|0x0000000648400000, 0x0000000648800000, 0x0000000648800000|100%| O|  |TAMS 0x0000000648400000| PB 0x0000000648400000| Untracked |  0
|  23|0x0000000648800000, 0x0000000648c00000, 0x0000000648c00000|100%| O|  |TAMS 0x0000000648800000| PB 0x0000000648800000| Untracked |  0
|  24|0x0000000648c00000, 0x0000000649000000, 0x0000000649000000|100%| O|  |TAMS 0x0000000648c00000| PB 0x0000000648c00000| Untracked |  0
|  25|0x0000000649000000, 0x0000000649400000, 0x0000000649400000|100%| O|  |TAMS 0x0000000649000000| PB 0x0000000649000000| Untracked |  0
|  26|0x0000000649400000, 0x0000000649800000, 0x0000000649800000|100%| O|  |TAMS 0x0000000649400000| PB 0x0000000649400000| Untracked |  0
|  27|0x0000000649800000, 0x0000000649c00000, 0x0000000649c00000|100%| O|  |TAMS 0x0000000649800000| PB 0x0000000649800000| Untracked |  0
|  28|0x0000000649c00000, 0x000000064a000000, 0x000000064a000000|100%| O|  |TAMS 0x0000000649c00000| PB 0x0000000649c00000| Untracked |  0
|  29|0x000000064a000000, 0x000000064a400000, 0x000000064a400000|100%| O|  |TAMS 0x000000064a000000| PB 0x000000064a000000| Untracked |  0
|  30|0x000000064a400000, 0x000000064a800000, 0x000000064a800000|100%| O|  |TAMS 0x000000064a400000| PB 0x000000064a400000| Untracked |  0
|  31|0x000000064a800000, 0x000000064ac00000, 0x000000064ac00000|100%| O|  |TAMS 0x000000064a800000| PB 0x000000064a800000| Untracked |  0
|  32|0x000000064ac00000, 0x000000064b000000, 0x000000064b000000|100%| O|  |TAMS 0x000000064ac00000| PB 0x000000064ac00000| Untracked |  0
|  33|0x000000064b000000, 0x000000064b400000, 0x000000064b400000|100%| O|  |TAMS 0x000000064b000000| PB 0x000000064b000000| Untracked |  0
|  34|0x000000064b400000, 0x000000064b800000, 0x000000064b800000|100%| O|  |TAMS 0x000000064b400000| PB 0x000000064b400000| Untracked |  0
|  35|0x000000064b800000, 0x000000064bc00000, 0x000000064bc00000|100%| O|  |TAMS 0x000000064b800000| PB 0x000000064b800000| Untracked |  0
|  36|0x000000064bc00000, 0x000000064c000000, 0x000000064c000000|100%| O|  |TAMS 0x000000064bc00000| PB 0x000000064bc00000| Untracked |  0
|  37|0x000000064c000000, 0x000000064c400000, 0x000000064c400000|100%| O|  |TAMS 0x000000064c000000| PB 0x000000064c000000| Untracked |  0
|  38|0x000000064c400000, 0x000000064c800000, 0x000000064c800000|100%| O|  |TAMS 0x000000064c400000| PB 0x000000064c400000| Untracked |  0
|  39|0x000000064c800000, 0x000000064cc00000, 0x000000064cc00000|100%| O|  |TAMS 0x000000064c800000| PB 0x000000064c800000| Untracked |  0
|  40|0x000000064cc00000, 0x000000064d000000, 0x000000064d000000|100%| O|  |TAMS 0x000000064cc00000| PB 0x000000064cc00000| Untracked |  0
|  41|0x000000064d000000, 0x000000064d400000, 0x000000064d400000|100%| O|  |TAMS 0x000000064d000000| PB 0x000000064d000000| Untracked |  0
|  42|0x000000064d400000, 0x000000064d800000, 0x000000064d800000|100%| O|  |TAMS 0x000000064d400000| PB 0x000000064d400000| Untracked |  0
|  43|0x000000064d800000, 0x000000064dc00000, 0x000000064dc00000|100%| O|  |TAMS 0x000000064d800000| PB 0x000000064d800000| Untracked |  0
|  44|0x000000064dc00000, 0x000000064e000000, 0x000000064e000000|100%| O|  |TAMS 0x000000064dc00000| PB 0x000000064dc00000| Untracked |  0
|  45|0x000000064e000000, 0x000000064e400000, 0x000000064e400000|100%| O|  |TAMS 0x000000064e000000| PB 0x000000064e000000| Untracked |  0
|  46|0x000000064e400000, 0x000000064e800000, 0x000000064e800000|100%| O|  |TAMS 0x000000064e400000| PB 0x000000064e400000| Untracked |  0
|  47|0x000000064e800000, 0x000000064ea87100, 0x000000064ec00000| 63%| O|  |TAMS 0x000000064e800000| PB 0x000000064e800000| Untracked |  0
|  48|0x000000064ec00000, 0x000000064f000000, 0x000000064f000000|100%| O|  |TAMS 0x000000064ec00000| PB 0x000000064ec00000| Untracked |  0
|  49|0x000000064f000000, 0x000000064f400000, 0x000000064f400000|100%| O|  |TAMS 0x000000064f000000| PB 0x000000064f000000| Untracked |  0
|  50|0x000000064f400000, 0x000000064f800000, 0x000000064f800000|100%| O|  |TAMS 0x000000064f400000| PB 0x000000064f400000| Untracked |  0
|  51|0x000000064f800000, 0x000000064fc00000, 0x000000064fc00000|100%| O|  |TAMS 0x000000064f800000| PB 0x000000064f800000| Untracked |  0
|  52|0x000000064fc00000, 0x0000000650000000, 0x0000000650000000|100%| O|  |TAMS 0x000000064fc00000| PB 0x000000064fc00000| Untracked |  0
|  53|0x0000000650000000, 0x0000000650400000, 0x0000000650400000|100%| O|  |TAMS 0x0000000650000000| PB 0x0000000650000000| Untracked |  0
|  54|0x0000000650400000, 0x0000000650800000, 0x0000000650800000|100%| O|  |TAMS 0x0000000650400000| PB 0x0000000650400000| Untracked |  0
|  55|0x0000000650800000, 0x0000000650c00000, 0x0000000650c00000|100%| O|  |TAMS 0x0000000650800000| PB 0x0000000650800000| Untracked |  0
|  56|0x0000000650c00000, 0x0000000651000000, 0x0000000651000000|100%| O|  |TAMS 0x0000000650c00000| PB 0x0000000650c00000| Untracked |  0
|  57|0x0000000651000000, 0x0000000651400000, 0x0000000651400000|100%| O|  |TAMS 0x0000000651000000| PB 0x0000000651000000| Untracked |  0
|  58|0x0000000651400000, 0x0000000651800000, 0x0000000651800000|100%| O|  |TAMS 0x0000000651400000| PB 0x0000000651400000| Untracked |  0
|  59|0x0000000651800000, 0x0000000651b88aa0, 0x0000000651c00000| 88%| O|  |TAMS 0x0000000651800000| PB 0x0000000651800000| Untracked |  0
|  60|0x0000000651c00000, 0x0000000651c00000, 0x0000000652000000|  0%| F|  |TAMS 0x0000000651c00000| PB 0x0000000651c00000| Untracked |  0
|  61|0x0000000652000000, 0x0000000652000000, 0x0000000652400000|  0%| F|  |TAMS 0x0000000652000000| PB 0x0000000652000000| Untracked |  0
|  62|0x0000000652400000, 0x0000000652400000, 0x0000000652800000|  0%| F|  |TAMS 0x0000000652400000| PB 0x0000000652400000| Untracked |  0
|  63|0x0000000652800000, 0x0000000652800000, 0x0000000652c00000|  0%| F|  |TAMS 0x0000000652800000| PB 0x0000000652800000| Untracked |  0
|  64|0x0000000652c00000, 0x0000000652c00000, 0x0000000653000000|  0%| F|  |TAMS 0x0000000652c00000| PB 0x0000000652c00000| Untracked |  0
|  65|0x0000000653000000, 0x0000000653000000, 0x0000000653400000|  0%| F|  |TAMS 0x0000000653000000| PB 0x0000000653000000| Untracked |  0
|  66|0x0000000653400000, 0x0000000653400000, 0x0000000653800000|  0%| F|  |TAMS 0x0000000653400000| PB 0x0000000653400000| Untracked |  0
|  67|0x0000000653800000, 0x0000000653800000, 0x0000000653c00000|  0%| F|  |TAMS 0x0000000653800000| PB 0x0000000653800000| Untracked |  0
|  68|0x0000000653c00000, 0x0000000653c00000, 0x0000000654000000|  0%| F|  |TAMS 0x0000000653c00000| PB 0x0000000653c00000| Untracked |  0
|  69|0x0000000654000000, 0x0000000654400000, 0x0000000654400000|100%| O|  |TAMS 0x0000000654000000| PB 0x0000000654000000| Untracked |  0
|  70|0x0000000654400000, 0x0000000654800000, 0x0000000654800000|100%| O|  |TAMS 0x0000000654400000| PB 0x0000000654400000| Untracked |  0
|  71|0x0000000654800000, 0x0000000654800000, 0x0000000654c00000|  0%| F|  |TAMS 0x0000000654800000| PB 0x0000000654800000| Untracked |  0
|  72|0x0000000654c00000, 0x0000000654d7cde8, 0x0000000655000000| 37%| S|CS|TAMS 0x0000000654c00000| PB 0x0000000654c00000| Complete |  0
|  73|0x0000000655000000, 0x0000000655400000, 0x0000000655400000|100%| S|CS|TAMS 0x0000000655000000| PB 0x0000000655000000| Complete |  0
|  74|0x0000000655400000, 0x0000000655800000, 0x0000000655800000|100%| S|CS|TAMS 0x0000000655400000| PB 0x0000000655400000| Complete |  0
|  75|0x0000000655800000, 0x0000000655c00000, 0x0000000655c00000|100%| S|CS|TAMS 0x0000000655800000| PB 0x0000000655800000| Complete |  0
|  76|0x0000000655c00000, 0x0000000656000000, 0x0000000656000000|100%| S|CS|TAMS 0x0000000655c00000| PB 0x0000000655c00000| Complete |  0
|  77|0x0000000656000000, 0x0000000656400000, 0x0000000656400000|100%| S|CS|TAMS 0x0000000656000000| PB 0x0000000656000000| Complete |  0
|  78|0x0000000656400000, 0x0000000656400000, 0x0000000656800000|  0%| F|  |TAMS 0x0000000656400000| PB 0x0000000656400000| Untracked |  0
|  79|0x0000000656800000, 0x0000000656800000, 0x0000000656c00000|  0%| F|  |TAMS 0x0000000656800000| PB 0x0000000656800000| Untracked |  0
|  80|0x0000000656c00000, 0x0000000656c00000, 0x0000000657000000|  0%| F|  |TAMS 0x0000000656c00000| PB 0x0000000656c00000| Untracked |  0
|  81|0x0000000657000000, 0x0000000657000000, 0x0000000657400000|  0%| F|  |TAMS 0x0000000657000000| PB 0x0000000657000000| Untracked |  0
|  82|0x0000000657400000, 0x0000000657400000, 0x0000000657800000|  0%| F|  |TAMS 0x0000000657400000| PB 0x0000000657400000| Untracked |  0
|  83|0x0000000657800000, 0x0000000657800000, 0x0000000657c00000|  0%| F|  |TAMS 0x0000000657800000| PB 0x0000000657800000| Untracked |  0
|  84|0x0000000657c00000, 0x0000000657c00000, 0x0000000658000000|  0%| F|  |TAMS 0x0000000657c00000| PB 0x0000000657c00000| Untracked |  0
|  85|0x0000000658000000, 0x0000000658000000, 0x0000000658400000|  0%| F|  |TAMS 0x0000000658000000| PB 0x0000000658000000| Untracked |  0
|  86|0x0000000658400000, 0x0000000658400000, 0x0000000658800000|  0%| F|  |TAMS 0x0000000658400000| PB 0x0000000658400000| Untracked |  0
|  87|0x0000000658800000, 0x0000000658800000, 0x0000000658c00000|  0%| F|  |TAMS 0x0000000658800000| PB 0x0000000658800000| Untracked |  0
|  88|0x0000000658c00000, 0x0000000658c00000, 0x0000000659000000|  0%| F|  |TAMS 0x0000000658c00000| PB 0x0000000658c00000| Untracked |  0
|  89|0x0000000659000000, 0x0000000659000000, 0x0000000659400000|  0%| F|  |TAMS 0x0000000659000000| PB 0x0000000659000000| Untracked |  0
|  90|0x0000000659400000, 0x0000000659400000, 0x0000000659800000|  0%| F|  |TAMS 0x0000000659400000| PB 0x0000000659400000| Untracked |  0
|  91|0x0000000659800000, 0x0000000659800000, 0x0000000659c00000|  0%| F|  |TAMS 0x0000000659800000| PB 0x0000000659800000| Untracked |  0
|  92|0x0000000659c00000, 0x0000000659c00000, 0x000000065a000000|  0%| F|  |TAMS 0x0000000659c00000| PB 0x0000000659c00000| Untracked |  0
|  93|0x000000065a000000, 0x000000065a000000, 0x000000065a400000|  0%| F|  |TAMS 0x000000065a000000| PB 0x000000065a000000| Untracked |  0
|  94|0x000000065a400000, 0x000000065a400000, 0x000000065a800000|  0%| F|  |TAMS 0x000000065a400000| PB 0x000000065a400000| Untracked |  0
|  95|0x000000065a800000, 0x000000065a800000, 0x000000065ac00000|  0%| F|  |TAMS 0x000000065a800000| PB 0x000000065a800000| Untracked |  0
|  96|0x000000065ac00000, 0x000000065ac00000, 0x000000065b000000|  0%| F|  |TAMS 0x000000065ac00000| PB 0x000000065ac00000| Untracked |  0
|  97|0x000000065b000000, 0x000000065b000000, 0x000000065b400000|  0%| F|  |TAMS 0x000000065b000000| PB 0x000000065b000000| Untracked |  0
|  98|0x000000065b400000, 0x000000065b400000, 0x000000065b800000|  0%| F|  |TAMS 0x000000065b400000| PB 0x000000065b400000| Untracked |  0
|  99|0x000000065b800000, 0x000000065b800000, 0x000000065bc00000|  0%| F|  |TAMS 0x000000065b800000| PB 0x000000065b800000| Untracked |  0
| 103|0x000000065c800000, 0x000000065c800000, 0x000000065cc00000|  0%| F|  |TAMS 0x000000065c800000| PB 0x000000065c800000| Untracked |  0
| 104|0x000000065cc00000, 0x000000065cc00000, 0x000000065d000000|  0%| F|  |TAMS 0x000000065cc00000| PB 0x000000065cc00000| Untracked |  0
| 111|0x000000065e800000, 0x000000065e800000, 0x000000065ec00000|  0%| F|  |TAMS 0x000000065e800000| PB 0x000000065e800000| Untracked |  0
| 112|0x000000065ec00000, 0x000000065ec00000, 0x000000065f000000|  0%| F|  |TAMS 0x000000065ec00000| PB 0x000000065ec00000| Untracked |  0
| 113|0x000000065f000000, 0x000000065f000000, 0x000000065f400000|  0%| F|  |TAMS 0x000000065f000000| PB 0x000000065f000000| Untracked |  0
| 114|0x000000065f400000, 0x000000065f400000, 0x000000065f800000|  0%| F|  |TAMS 0x000000065f400000| PB 0x000000065f400000| Untracked |  0
| 115|0x000000065f800000, 0x000000065f800000, 0x000000065fc00000|  0%| F|  |TAMS 0x000000065f800000| PB 0x000000065f800000| Untracked |  0
| 116|0x000000065fc00000, 0x000000065fc00000, 0x0000000660000000|  0%| F|  |TAMS 0x000000065fc00000| PB 0x000000065fc00000| Untracked |  0
| 117|0x0000000660000000, 0x0000000660000000, 0x0000000660400000|  0%| F|  |TAMS 0x0000000660000000| PB 0x0000000660000000| Untracked |  0
| 118|0x0000000660400000, 0x0000000660400000, 0x0000000660800000|  0%| F|  |TAMS 0x0000000660400000| PB 0x0000000660400000| Untracked |  0
| 119|0x0000000660800000, 0x0000000660800000, 0x0000000660c00000|  0%| F|  |TAMS 0x0000000660800000| PB 0x0000000660800000| Untracked |  0
| 120|0x0000000660c00000, 0x0000000660c00000, 0x0000000661000000|  0%| F|  |TAMS 0x0000000660c00000| PB 0x0000000660c00000| Untracked |  0
| 121|0x0000000661000000, 0x0000000661000000, 0x0000000661400000|  0%| F|  |TAMS 0x0000000661000000| PB 0x0000000661000000| Untracked |  0
| 122|0x0000000661400000, 0x0000000661400000, 0x0000000661800000|  0%| F|  |TAMS 0x0000000661400000| PB 0x0000000661400000| Untracked |  0
| 123|0x0000000661800000, 0x0000000661800000, 0x0000000661c00000|  0%| F|  |TAMS 0x0000000661800000| PB 0x0000000661800000| Untracked |  0
| 124|0x0000000661c00000, 0x0000000661c00000, 0x0000000662000000|  0%| F|  |TAMS 0x0000000661c00000| PB 0x0000000661c00000| Untracked |  0
| 125|0x0000000662000000, 0x0000000662000000, 0x0000000662400000|  0%| F|  |TAMS 0x0000000662000000| PB 0x0000000662000000| Untracked |  0
| 126|0x0000000662400000, 0x0000000662400000, 0x0000000662800000|  0%| F|  |TAMS 0x0000000662400000| PB 0x0000000662400000| Untracked |  0
| 127|0x0000000662800000, 0x0000000662800000, 0x0000000662c00000|  0%| F|  |TAMS 0x0000000662800000| PB 0x0000000662800000| Untracked |  0
| 128|0x0000000662c00000, 0x0000000662c00000, 0x0000000663000000|  0%| F|  |TAMS 0x0000000662c00000| PB 0x0000000662c00000| Untracked |  0
| 129|0x0000000663000000, 0x0000000663000000, 0x0000000663400000|  0%| F|  |TAMS 0x0000000663000000| PB 0x0000000663000000| Untracked |  0
| 130|0x0000000663400000, 0x0000000663400000, 0x0000000663800000|  0%| F|  |TAMS 0x0000000663400000| PB 0x0000000663400000| Untracked |  0
| 131|0x0000000663800000, 0x0000000663800000, 0x0000000663c00000|  0%| F|  |TAMS 0x0000000663800000| PB 0x0000000663800000| Untracked |  0
| 132|0x0000000663c00000, 0x0000000663c00000, 0x0000000664000000|  0%| F|  |TAMS 0x0000000663c00000| PB 0x0000000663c00000| Untracked |  0
| 133|0x0000000664000000, 0x0000000664000000, 0x0000000664400000|  0%| F|  |TAMS 0x0000000664000000| PB 0x0000000664000000| Untracked |  0
| 134|0x0000000664400000, 0x0000000664400000, 0x0000000664800000|  0%| F|  |TAMS 0x0000000664400000| PB 0x0000000664400000| Untracked |  0
| 135|0x0000000664800000, 0x0000000664800000, 0x0000000664c00000|  0%| F|  |TAMS 0x0000000664800000| PB 0x0000000664800000| Untracked |  0
| 136|0x0000000664c00000, 0x0000000664c00000, 0x0000000665000000|  0%| F|  |TAMS 0x0000000664c00000| PB 0x0000000664c00000| Untracked |  0
| 137|0x0000000665000000, 0x0000000665000000, 0x0000000665400000|  0%| F|  |TAMS 0x0000000665000000| PB 0x0000000665000000| Untracked |  0
| 138|0x0000000665400000, 0x0000000665400000, 0x0000000665800000|  0%| F|  |TAMS 0x0000000665400000| PB 0x0000000665400000| Untracked |  0
| 139|0x0000000665800000, 0x0000000665800000, 0x0000000665c00000|  0%| F|  |TAMS 0x0000000665800000| PB 0x0000000665800000| Untracked |  0
| 140|0x0000000665c00000, 0x0000000665c00000, 0x0000000666000000|  0%| F|  |TAMS 0x0000000665c00000| PB 0x0000000665c00000| Untracked |  0
| 141|0x0000000666000000, 0x0000000666000000, 0x0000000666400000|  0%| F|  |TAMS 0x0000000666000000| PB 0x0000000666000000| Untracked |  0
| 142|0x0000000666400000, 0x0000000666400000, 0x0000000666800000|  0%| F|  |TAMS 0x0000000666400000| PB 0x0000000666400000| Untracked |  0
| 143|0x0000000666800000, 0x0000000666800000, 0x0000000666c00000|  0%| F|  |TAMS 0x0000000666800000| PB 0x0000000666800000| Untracked |  0
| 144|0x0000000666c00000, 0x0000000666c00000, 0x0000000667000000|  0%| F|  |TAMS 0x0000000666c00000| PB 0x0000000666c00000| Untracked |  0
| 145|0x0000000667000000, 0x0000000667000000, 0x0000000667400000|  0%| F|  |TAMS 0x0000000667000000| PB 0x0000000667000000| Untracked |  0
| 146|0x0000000667400000, 0x0000000667400000, 0x0000000667800000|  0%| F|  |TAMS 0x0000000667400000| PB 0x0000000667400000| Untracked |  0
| 147|0x0000000667800000, 0x0000000667800000, 0x0000000667c00000|  0%| F|  |TAMS 0x0000000667800000| PB 0x0000000667800000| Untracked |  0
| 148|0x0000000667c00000, 0x0000000667c00000, 0x0000000668000000|  0%| F|  |TAMS 0x0000000667c00000| PB 0x0000000667c00000| Untracked |  0
| 149|0x0000000668000000, 0x0000000668000000, 0x0000000668400000|  0%| F|  |TAMS 0x0000000668000000| PB 0x0000000668000000| Untracked |  0
| 150|0x0000000668400000, 0x0000000668400000, 0x0000000668800000|  0%| F|  |TAMS 0x0000000668400000| PB 0x0000000668400000| Untracked |  0
| 151|0x0000000668800000, 0x0000000668800000, 0x0000000668c00000|  0%| F|  |TAMS 0x0000000668800000| PB 0x0000000668800000| Untracked |  0
| 152|0x0000000668c00000, 0x0000000668c00000, 0x0000000669000000|  0%| F|  |TAMS 0x0000000668c00000| PB 0x0000000668c00000| Untracked |  0
| 153|0x0000000669000000, 0x0000000669000000, 0x0000000669400000|  0%| F|  |TAMS 0x0000000669000000| PB 0x0000000669000000| Untracked |  0
| 154|0x0000000669400000, 0x0000000669400000, 0x0000000669800000|  0%| F|  |TAMS 0x0000000669400000| PB 0x0000000669400000| Untracked |  0
| 155|0x0000000669800000, 0x0000000669800000, 0x0000000669c00000|  0%| F|  |TAMS 0x0000000669800000| PB 0x0000000669800000| Untracked |  0
| 156|0x0000000669c00000, 0x0000000669c00000, 0x000000066a000000|  0%| F|  |TAMS 0x0000000669c00000| PB 0x0000000669c00000| Untracked |  0
| 157|0x000000066a000000, 0x000000066a000000, 0x000000066a400000|  0%| F|  |TAMS 0x000000066a000000| PB 0x000000066a000000| Untracked |  0
| 158|0x000000066a400000, 0x000000066a400000, 0x000000066a800000|  0%| F|  |TAMS 0x000000066a400000| PB 0x000000066a400000| Untracked |  0
| 159|0x000000066a800000, 0x000000066a800000, 0x000000066ac00000|  0%| F|  |TAMS 0x000000066a800000| PB 0x000000066a800000| Untracked |  0
| 160|0x000000066ac00000, 0x000000066ac00000, 0x000000066b000000|  0%| F|  |TAMS 0x000000066ac00000| PB 0x000000066ac00000| Untracked |  0
| 161|0x000000066b000000, 0x000000066b000000, 0x000000066b400000|  0%| F|  |TAMS 0x000000066b000000| PB 0x000000066b000000| Untracked |  0
| 162|0x000000066b400000, 0x000000066b400000, 0x000000066b800000|  0%| F|  |TAMS 0x000000066b400000| PB 0x000000066b400000| Untracked |  0
| 163|0x000000066b800000, 0x000000066b800000, 0x000000066bc00000|  0%| F|  |TAMS 0x000000066b800000| PB 0x000000066b800000| Untracked |  0
| 164|0x000000066bc00000, 0x000000066bc00000, 0x000000066c000000|  0%| F|  |TAMS 0x000000066bc00000| PB 0x000000066bc00000| Untracked |  0
| 165|0x000000066c000000, 0x000000066c000000, 0x000000066c400000|  0%| F|  |TAMS 0x000000066c000000| PB 0x000000066c000000| Untracked |  0
| 166|0x000000066c400000, 0x000000066c400000, 0x000000066c800000|  0%| F|  |TAMS 0x000000066c400000| PB 0x000000066c400000| Untracked |  0
| 167|0x000000066c800000, 0x000000066c813a90, 0x000000066cc00000|  1%| E|  |TAMS 0x000000066c800000| PB 0x000000066c800000| Complete |  0
| 168|0x000000066cc00000, 0x000000066d000000, 0x000000066d000000|100%| E|CS|TAMS 0x000000066cc00000| PB 0x000000066cc00000| Complete |  0
| 169|0x000000066d000000, 0x000000066d400000, 0x000000066d400000|100%| E|CS|TAMS 0x000000066d000000| PB 0x000000066d000000| Complete |  0
| 170|0x000000066d400000, 0x000000066d800000, 0x000000066d800000|100%| E|CS|TAMS 0x000000066d400000| PB 0x000000066d400000| Complete |  0
| 171|0x000000066d800000, 0x000000066dc00000, 0x000000066dc00000|100%| E|CS|TAMS 0x000000066d800000| PB 0x000000066d800000| Complete |  0
| 172|0x000000066dc00000, 0x000000066e000000, 0x000000066e000000|100%| E|CS|TAMS 0x000000066dc00000| PB 0x000000066dc00000| Complete |  0
| 173|0x000000066e000000, 0x000000066e400000, 0x000000066e400000|100%| E|CS|TAMS 0x000000066e000000| PB 0x000000066e000000| Complete |  0
| 174|0x000000066e400000, 0x000000066e800000, 0x000000066e800000|100%| E|CS|TAMS 0x000000066e400000| PB 0x000000066e400000| Complete |  0
| 175|0x000000066e800000, 0x000000066ec00000, 0x000000066ec00000|100%| E|CS|TAMS 0x000000066e800000| PB 0x000000066e800000| Complete |  0
| 176|0x000000066ec00000, 0x000000066f000000, 0x000000066f000000|100%| E|CS|TAMS 0x000000066ec00000| PB 0x000000066ec00000| Complete |  0
| 177|0x000000066f000000, 0x000000066f400000, 0x000000066f400000|100%| E|CS|TAMS 0x000000066f000000| PB 0x000000066f000000| Complete |  0
| 197|0x0000000674000000, 0x0000000674400000, 0x0000000674400000|100%| E|CS|TAMS 0x0000000674000000| PB 0x0000000674000000| Complete |  0
| 198|0x0000000674400000, 0x0000000674800000, 0x0000000674800000|100%| E|CS|TAMS 0x0000000674400000| PB 0x0000000674400000| Complete |  0
| 200|0x0000000674c00000, 0x0000000675000000, 0x0000000675000000|100%| E|CS|TAMS 0x0000000674c00000| PB 0x0000000674c00000| Complete |  0
| 201|0x0000000675000000, 0x0000000675400000, 0x0000000675400000|100%| E|CS|TAMS 0x0000000675000000| PB 0x0000000675000000| Complete |  0
| 202|0x0000000675400000, 0x0000000675800000, 0x0000000675800000|100%| E|CS|TAMS 0x0000000675400000| PB 0x0000000675400000| Complete |  0
| 203|0x0000000675800000, 0x0000000675c00000, 0x0000000675c00000|100%| E|CS|TAMS 0x0000000675800000| PB 0x0000000675800000| Complete |  0
|1779|0x00000007ff800000, 0x00000007ffc00000, 0x00000007ffc00000|100%| O|  |TAMS 0x00000007ff800000| PB 0x00000007ff800000| Untracked |  0
|1780|0x00000007ffc00000, 0x0000000800000000, 0x0000000800000000|100%| O|  |TAMS 0x00000007ffc00000| PB 0x00000007ffc00000| Untracked |  0

Card table byte_map: [0x000001c455be0000,0x000001c4569d0000] _byte_map_base: 0x000001c4529ca000

Marking Bits: (CMBitMap*) 0x000001c45d9581a0
 Bits: [0x000001c4569d0000, 0x000001c45d920000)

Polling page: 0x000001c42e580000

Metaspace:
Metaspace        used 104643K, committed 105280K, reserved 1179648K
 class space     used 20906K, committed 21184K, reserved 1048576K

Usage:
  Non-class:     81.77 MB used.
      Class:     20.42 MB used.
       Both:    102.19 MB used.

Virtual space:
  Non-class space:      128.00 MB reserved,      82.12 MB ( 64%) committed,  2 nodes.
      Class space:        1.00 GB reserved,      20.69 MB (  2%) committed,  1 nodes.
             Both:        1.12 GB reserved,     102.81 MB (  9%) committed. 

Chunk freelists:
   Non-Class:  12.95 MB
       Class:  11.13 MB
        Both:  24.08 MB

MaxMetaspaceSize: unlimited
CompressedClassSpaceSize: 1.00 GB
Initial GC threshold: 21.00 MB
Current GC threshold: 138.12 MB
CDS: off
 - commit_granule_bytes: 65536.
 - commit_granule_words: 8192.
 - virtual_space_node_default_size: 8388608.
 - enlarge_chunks_in_place: 1.
UseCompressedClassPointers 1, UseCompactObjectHeaders 1
Narrow klass pointer bits 22, Max shift 10
Narrow klass base: 0x0000000008000000, Narrow klass shift: 9
Encoding Range: [0x0000000008000000 - 0x0000000088000000), (2147483648 bytes)
Klass Range:    [0x0000000008000000 - 0x0000000048000000), (1073741824 bytes)
Klass ID Range:  [1 - 2097152) (2097151)
Protection zone: [0x0000000008000000 - 0x0000000008010000), (65536 bytes)


Internal statistics:

num_allocs_failed_limit: 15.
num_arena_births: 808.
num_arena_deaths: 0.
num_vsnodes_births: 3.
num_vsnodes_deaths: 0.
num_space_committed: 1640.
num_space_uncommitted: 0.
num_chunks_returned_to_freelist: 15.
num_chunks_taken_from_freelist: 3993.
num_chunk_merges: 6.
num_chunk_splits: 2844.
num_chunks_enlarged: 2308.
num_inconsistent_stats: 0.

CodeHeap 'non-profiled nmethods': size=119168Kb used=16600Kb max_used=16600Kb free=102568Kb
 bounds [0x000001c44d100000, 0x000001c44e140000, 0x000001c454560000]
CodeHeap 'profiled nmethods': size=119168Kb used=38188Kb max_used=38188Kb free=80979Kb
 bounds [0x000001c445550000, 0x000001c447aa0000, 0x000001c44c9b0000]
CodeHeap 'non-nmethods': size=7488Kb used=2163Kb max_used=3981Kb free=5324Kb
 bounds [0x000001c44c9b0000, 0x000001c44cdb0000, 0x000001c44d100000]
CodeCache: size=245824Kb, used=56951Kb, max_used=58769Kb, free=188871Kb
 total_blobs=22883, nmethods=21597, adapters=1186, full_count=0
Compilation: enabled, stopped_count=0, restarted_count=0

Compilation events (20 events):
Event: 5355.611 Thread 0x000001c460952090 22013       4       com.sun.scenario.effect.ImageData::unref (103 bytes)
Event: 5355.650 Thread 0x000001c460952090 nmethod 22013 0x000001c44e116508 code [0x000001c44e116600, 0x000001c44e1191d8]
Event: 5356.141 Thread 0x000001c460952090 22014       4       com.sun.scenario.effect.Effect::getCompatibleImage (10 bytes)
Event: 5356.158 Thread 0x000001c460952090 nmethod 22014 0x000001c44e119288 code [0x000001c44e119380, 0x000001c44e11af98]
Event: 5356.883 Thread 0x000001c460952090 22015       4       com.sun.javafx.sg.prism.NGNode::renderOpacity (322 bytes)
Event: 5357.152 Thread 0x000001c460952090 nmethod 22015 0x000001c44e11b008 code [0x000001c44e11b120, 0x000001c44e1232c8]
Event: 5357.662 Thread 0x000001c460952090 22016       4       com.sun.prism.impl.ps.BaseShaderContext::getSpecialShader (113 bytes)
Event: 5357.665 Thread 0x000001c460952090 nmethod 22016 0x000001c44e123388 code [0x000001c44e123480, 0x000001c44e123840]
Event: 5358.141 Thread 0x000001c460952090 22017       4       com.sun.javafx.sg.prism.NGRegion::renderAsShape (471 bytes)
Event: 5358.262 Thread 0x000001c460952090 nmethod 22017 0x000001c44e123888 code [0x000001c44e1239a0, 0x000001c44e1290e0]
Event: 5358.386 Thread 0x000001c460952090 22018       4       com.sun.prism.impl.ps.BaseShaderContext::validatePaintOp (321 bytes)
Event: 5358.417 Thread 0x000001c460952090 nmethod 22018 0x000001c44e129188 code [0x000001c44e1292a0, 0x000001c44e12c130]
Event: 5359.643 Thread 0x000001c460952090 22019       4       com.sun.prism.impl.ps.BaseShaderContext::validateLCDOp (71 bytes)
Event: 5359.667 Thread 0x000001c460952090 nmethod 22019 0x000001c44e12c188 code [0x000001c44e12c2a0, 0x000001c44e12e288]
Event: 5361.395 Thread 0x000001c460952090 22020       4       com.sun.prism.impl.ps.BaseShaderGraphics::drawString (868 bytes)
Event: 5361.446 Thread 0x000001c460952090 nmethod 22020 0x000001c44e12e308 code [0x000001c44e12e420, 0x000001c44e1329b0]
Event: 5363.388 Thread 0x000001c4609743a0 22021       3       com.sun.javafx.sg.prism.CacheFilter::render (556 bytes)
Event: 5363.390 Thread 0x000001c4609743a0 nmethod 22021 0x000001c447a96b88 code [0x000001c447a96c80, 0x000001c447a99398]
Event: 5363.706 Thread 0x000001c4609743a0 22022       3       com.sun.prism.impl.BaseResourcePool::freeDisposalRequestedAndCheckResources (156 bytes)
Event: 5363.707 Thread 0x000001c4609743a0 nmethod 22022 0x000001c447a99408 code [0x000001c447a99500, 0x000001c447a9a370]

GC Heap Usage History (20 events):
Event: 1254.089 {heap Before GC invocations=32 (full 0):
 garbage-first heap   total reserved 7294976K, committed 724992K, used 658491K [0x0000000642c00000, 0x0000000800000000)
  region size 4096K, 106 young (434176K), 5 survivors (20480K)
}
Event: 1254.102 {heap After GC invocations=33 (full 0):
 garbage-first heap   total reserved 7294976K, committed 724992K, used 260631K [0x0000000642c00000, 0x0000000800000000)
  region size 4096K, 9 young (36864K), 9 survivors (36864K)
}
Event: 1279.465 {heap Before GC invocations=33 (full 0):
 garbage-first heap   total reserved 7294976K, committed 724992K, used 657943K [0x0000000642c00000, 0x0000000800000000)
  region size 4096K, 106 young (434176K), 9 survivors (36864K)
}
Event: 1279.478 {heap After GC invocations=34 (full 0):
 garbage-first heap   total reserved 7294976K, committed 724992K, used 264285K [0x0000000642c00000, 0x0000000800000000)
  region size 4096K, 8 young (32768K), 8 survivors (32768K)
}
Event: 1350.505 {heap Before GC invocations=34 (full 0):
 garbage-first heap   total reserved 7294976K, committed 724992K, used 665693K [0x0000000642c00000, 0x0000000800000000)
  region size 4096K, 106 young (434176K), 8 survivors (32768K)
}
Event: 1350.519 {heap After GC invocations=35 (full 0):
 garbage-first heap   total reserved 7294976K, committed 724992K, used 272459K [0x0000000642c00000, 0x0000000800000000)
  region size 4096K, 10 young (40960K), 10 survivors (40960K)
}
Event: 1385.878 {heap Before GC invocations=35 (full 0):
 garbage-first heap   total reserved 7294976K, committed 724992K, used 665675K [0x0000000642c00000, 0x0000000800000000)
  region size 4096K, 106 young (434176K), 10 survivors (40960K)
}
Event: 1385.893 {heap After GC invocations=36 (full 0):
 garbage-first heap   total reserved 7294976K, committed 724992K, used 281235K [0x0000000642c00000, 0x0000000800000000)
  region size 4096K, 7 young (28672K), 7 survivors (28672K)
}
Event: 1595.638 {heap Before GC invocations=36 (full 0):
 garbage-first heap   total reserved 7294976K, committed 724992K, used 674451K [0x0000000642c00000, 0x0000000800000000)
  region size 4096K, 103 young (421888K), 7 survivors (28672K)
}
Event: 1595.663 {heap After GC invocations=37 (full 0):
 garbage-first heap   total reserved 7294976K, committed 724992K, used 283257K [0x0000000642c00000, 0x0000000800000000)
  region size 4096K, 7 young (28672K), 7 survivors (28672K)
}
Event: 1757.879 {heap Before GC invocations=37 (full 0):
 garbage-first heap   total reserved 7294976K, committed 724992K, used 680569K [0x0000000642c00000, 0x0000000800000000)
  region size 4096K, 104 young (425984K), 7 survivors (28672K)
}
Event: 1757.891 {heap After GC invocations=38 (full 0):
 garbage-first heap   total reserved 7294976K, committed 724992K, used 283257K [0x0000000642c00000, 0x0000000800000000)
  region size 4096K, 7 young (28672K), 7 survivors (28672K)
}
Event: 2631.269 {heap Before GC invocations=38 (full 0):
 garbage-first heap   total reserved 7294976K, committed 724992K, used 680569K [0x0000000642c00000, 0x0000000800000000)
  region size 4096K, 104 young (425984K), 7 survivors (28672K)
}
Event: 2631.279 {heap After GC invocations=39 (full 0):
 garbage-first heap   total reserved 7294976K, committed 724992K, used 283090K [0x0000000642c00000, 0x0000000800000000)
  region size 4096K, 6 young (24576K), 6 survivors (24576K)
}
Event: 3499.116 {heap Before GC invocations=39 (full 0):
 garbage-first heap   total reserved 7294976K, committed 724992K, used 680402K [0x0000000642c00000, 0x0000000800000000)
  region size 4096K, 103 young (421888K), 6 survivors (24576K)
}
Event: 3499.127 {heap After GC invocations=40 (full 0):
 garbage-first heap   total reserved 7294976K, committed 724992K, used 283702K [0x0000000642c00000, 0x0000000800000000)
  region size 4096K, 6 young (24576K), 6 survivors (24576K)
}
Event: 4374.951 {heap Before GC invocations=40 (full 0):
 garbage-first heap   total reserved 7294976K, committed 724992K, used 681014K [0x0000000642c00000, 0x0000000800000000)
  region size 4096K, 103 young (421888K), 6 survivors (24576K)
}
Event: 4374.961 {heap After GC invocations=41 (full 0):
 garbage-first heap   total reserved 7294976K, committed 724992K, used 281932K [0x0000000642c00000, 0x0000000800000000)
  region size 4096K, 6 young (24576K), 6 survivors (24576K)
}
Event: 5239.641 {heap Before GC invocations=41 (full 0):
 garbage-first heap   total reserved 7294976K, committed 724992K, used 679244K [0x0000000642c00000, 0x0000000800000000)
  region size 4096K, 103 young (421888K), 6 survivors (24576K)
}
Event: 5239.651 {heap After GC invocations=42 (full 0):
 garbage-first heap   total reserved 7294976K, committed 724992K, used 282162K [0x0000000642c00000, 0x0000000800000000)
  region size 4096K, 6 young (24576K), 6 survivors (24576K)
}

Metaspace Usage History (20 events):
Event: 1254.089 {metaspace Before GC invocations=32 (full 0):
 Metaspace       used 101189K, committed 101760K, reserved 1179648K
  class space    used 20233K, committed 20480K, reserved 1048576K
}
Event: 1254.102 {metaspace After GC invocations=33 (full 0):
 Metaspace       used 101189K, committed 101760K, reserved 1179648K
  class space    used 20233K, committed 20480K, reserved 1048576K
}
Event: 1279.465 {metaspace Before GC invocations=33 (full 0):
 Metaspace       used 101290K, committed 101888K, reserved 1179648K
  class space    used 20233K, committed 20480K, reserved 1048576K
}
Event: 1279.478 {metaspace After GC invocations=34 (full 0):
 Metaspace       used 101290K, committed 101888K, reserved 1179648K
  class space    used 20233K, committed 20480K, reserved 1048576K
}
Event: 1350.505 {metaspace Before GC invocations=34 (full 0):
 Metaspace       used 104022K, committed 104640K, reserved 1179648K
  class space    used 20827K, committed 21120K, reserved 1048576K
}
Event: 1350.519 {metaspace After GC invocations=35 (full 0):
 Metaspace       used 104022K, committed 104640K, reserved 1179648K
  class space    used 20827K, committed 21120K, reserved 1048576K
}
Event: 1385.878 {metaspace Before GC invocations=35 (full 0):
 Metaspace       used 104307K, committed 104896K, reserved 1179648K
  class space    used 20860K, committed 21120K, reserved 1048576K
}
Event: 1385.893 {metaspace After GC invocations=36 (full 0):
 Metaspace       used 104307K, committed 104896K, reserved 1179648K
  class space    used 20860K, committed 21120K, reserved 1048576K
}
Event: 1595.638 {metaspace Before GC invocations=36 (full 0):
 Metaspace       used 104320K, committed 104896K, reserved 1179648K
  class space    used 20860K, committed 21120K, reserved 1048576K
}
Event: 1595.663 {metaspace After GC invocations=37 (full 0):
 Metaspace       used 104320K, committed 104896K, reserved 1179648K
  class space    used 20860K, committed 21120K, reserved 1048576K
}
Event: 1757.879 {metaspace Before GC invocations=37 (full 0):
 Metaspace       used 104357K, committed 104960K, reserved 1179648K
  class space    used 20860K, committed 21120K, reserved 1048576K
}
Event: 1757.891 {metaspace After GC invocations=38 (full 0):
 Metaspace       used 104357K, committed 104960K, reserved 1179648K
  class space    used 20860K, committed 21120K, reserved 1048576K
}
Event: 2631.269 {metaspace Before GC invocations=38 (full 0):
 Metaspace       used 104369K, committed 104960K, reserved 1179648K
  class space    used 20860K, committed 21120K, reserved 1048576K
}
Event: 2631.279 {metaspace After GC invocations=39 (full 0):
 Metaspace       used 104369K, committed 104960K, reserved 1179648K
  class space    used 20860K, committed 21120K, reserved 1048576K
}
Event: 3499.116 {metaspace Before GC invocations=39 (full 0):
 Metaspace       used 104383K, committed 105024K, reserved 1179648K
  class space    used 20860K, committed 21120K, reserved 1048576K
}
Event: 3499.127 {metaspace After GC invocations=40 (full 0):
 Metaspace       used 104383K, committed 105024K, reserved 1179648K
  class space    used 20860K, committed 21120K, reserved 1048576K
}
Event: 4374.951 {metaspace Before GC invocations=40 (full 0):
 Metaspace       used 104390K, committed 105024K, reserved 1179648K
  class space    used 20860K, committed 21120K, reserved 1048576K
}
Event: 4374.961 {metaspace After GC invocations=41 (full 0):
 Metaspace       used 104390K, committed 105024K, reserved 1179648K
  class space    used 20860K, committed 21120K, reserved 1048576K
}
Event: 5239.641 {metaspace Before GC invocations=41 (full 0):
 Metaspace       used 104408K, committed 105024K, reserved 1179648K
  class space    used 20863K, committed 21120K, reserved 1048576K
}
Event: 5239.651 {metaspace After GC invocations=42 (full 0):
 Metaspace       used 104408K, committed 105024K, reserved 1179648K
  class space    used 20863K, committed 21120K, reserved 1048576K
}

Dll operation events (20 events):
Event: 24.806 Loaded shared library C:\Users\dani_\.openjfx\cache\26.0.1+0\amd64\msvcp140_2.dll
Event: 24.856 Loaded shared library C:\Users\dani_\.openjfx\cache\26.0.1+0\amd64\prism_d3d.dll
Event: 24.936 Loaded shared library C:\Users\dani_\.openjfx\cache\26.0.1+0\amd64\glass.dll
Event: 27.218 Loaded shared library C:\Users\dani_\.openjfx\cache\26.0.1+0\amd64\javafx_font.dll
Event: 27.424 Loaded shared library C:\Program Files\JabRef\runtime\bin\awt.dll
Event: 27.688 Loaded shared library C:\Program Files\JabRef\runtime\bin\sunmscapi.dll
Event: 28.929 Loaded shared library C:\Users\dani_\.djl.ai\pytorch\2.7.1-cpu-win-x86_64\asmjit.dll
Event: 29.072 Loaded shared library C:\Users\dani_\.djl.ai\pytorch\2.7.1-cpu-win-x86_64\c10.dll
Event: 29.085 Loaded shared library C:\Users\dani_\.djl.ai\pytorch\2.7.1-cpu-win-x86_64\libiomp5md.dll
Event: 29.091 Loaded shared library C:\Users\dani_\.djl.ai\pytorch\2.7.1-cpu-win-x86_64\libiompstubs5md.dll
Event: 29.173 Loaded shared library C:\Users\dani_\.djl.ai\pytorch\2.7.1-cpu-win-x86_64\uv.dll
Event: 29.271 Loaded shared library C:\Users\dani_\.djl.ai\pytorch\2.7.1-cpu-win-x86_64\fbgemm.dll
Event: 30.759 Loaded shared library C:\Users\dani_\.djl.ai\pytorch\2.7.1-cpu-win-x86_64\torch_cpu.dll
Event: 30.801 Loaded shared library C:\Users\dani_\.djl.ai\pytorch\2.7.1-cpu-win-x86_64\torch.dll
Event: 30.856 Loaded shared library C:\Users\dani_\.djl.ai\pytorch\2.7.1-cpu-win-x86_64\0.36.0-djl_torch.dll
Event: 31.367 Loaded shared library C:\Users\dani_\.djl.ai\tokenizers\0.21.0-0.36.0-cpu-win-x86_64\libwinpthread-1.dll
Event: 31.432 Loaded shared library C:\Users\dani_\.djl.ai\tokenizers\0.21.0-0.36.0-cpu-win-x86_64\libgcc_s_seh-1.dll
Event: 31.439 Loaded shared library C:\Users\dani_\.openjfx\cache\26.0.1+0\amd64\jfxwebkit.dll
Event: 31.662 Loaded shared library C:\Users\dani_\.djl.ai\tokenizers\0.21.0-0.36.0-cpu-win-x86_64\libstdc++-6.dll
Event: 32.261 Loaded shared library C:\Users\dani_\.djl.ai\tokenizers\0.21.0-0.36.0-cpu-win-x86_64\tokenizers.dll

Deoptimization events (20 events):
Event: 5354.468 Thread 0x000001c46637f150 Uncommon trap: trap_request=0xffffff45 fr.pc=0x000001c44dde4d98 relative=0x0000000000000098
Event: 5354.468 Thread 0x000001c46637f150 Uncommon trap: reason=unstable_if action=reinterpret pc=0x000001c44dde4d98 method=com.sun.prism.d3d.D3DTextureResource.isValid()Z @ 19 c2
Event: 5354.468 Thread 0x000001c46637f150 DEOPT PACKING pc=0x000001c44dde4d98 sp=0x000000669b8feeb0
Event: 5354.468 Thread 0x000001c46637f150 DEOPT UNPACKING pc=0x000001c44cacda82 sp=0x000000669b8fedf0 mode 2
Event: 5354.468 Thread 0x000001c46637f150 Uncommon trap: trap_request=0xffffff45 fr.pc=0x000001c44d88ca14 relative=0x0000000000000094
Event: 5354.468 Thread 0x000001c46637f150 Uncommon trap: reason=unstable_if action=reinterpret pc=0x000001c44d88ca14 method=com.sun.prism.d3d.D3DTextureResource.isValid()Z @ 19 c2
Event: 5354.468 Thread 0x000001c46637f150 DEOPT PACKING pc=0x000001c44d88ca14 sp=0x000000669b8fee60
Event: 5354.468 Thread 0x000001c46637f150 DEOPT UNPACKING pc=0x000001c44cacda82 sp=0x000000669b8fedf0 mode 2
Event: 5355.188 Thread 0x000001c4661e93c0 Uncommon trap: trap_request=0xffffff45 fr.pc=0x000001c44d798384 relative=0x0000000000000b84
Event: 5355.188 Thread 0x000001c4661e93c0 Uncommon trap: reason=unstable_if action=reinterpret pc=0x000001c44d798384 method=javafx.scene.Parent.setLayoutFlag(Lcom/sun/javafx/scene/LayoutFlags;)V @ 9 c2
Event: 5355.188 Thread 0x000001c4661e93c0 DEOPT PACKING pc=0x000001c44d798384 sp=0x000000669b5fd1d0
Event: 5355.188 Thread 0x000001c4661e93c0 DEOPT UNPACKING pc=0x000001c44cacda82 sp=0x000000669b5fcfe8 mode 2
Event: 5355.193 Thread 0x000001c46637f150 Uncommon trap: trap_request=0xffffff45 fr.pc=0x000001c44e10bfa4 relative=0x0000000000005984
Event: 5355.193 Thread 0x000001c46637f150 Uncommon trap: reason=unstable_if action=reinterpret pc=0x000001c44e10bfa4 method=com.sun.prism.impl.ps.BaseShaderContext.validateLCDBuffer(Lcom/sun/prism/RenderTarget;)V @ 48 c2
Event: 5355.193 Thread 0x000001c46637f150 DEOPT PACKING pc=0x000001c44e10bfa4 sp=0x000000669b8fda60
Event: 5355.193 Thread 0x000001c46637f150 DEOPT UNPACKING pc=0x000001c44cacda82 sp=0x000000669b8fd8e0 mode 2
Event: 5355.283 Thread 0x000001c4661e93c0 Uncommon trap: trap_request=0xffffff45 fr.pc=0x000001c44d7387e8 relative=0x0000000000000168
Event: 5355.283 Thread 0x000001c4661e93c0 Uncommon trap: reason=unstable_if action=reinterpret pc=0x000001c44d7387e8 method=com.sun.webkit.WebPage$RenderFrame.drop()V @ 16 c2
Event: 5355.283 Thread 0x000001c4661e93c0 DEOPT PACKING pc=0x000001c44d7387e8 sp=0x000000669b5fe440
Event: 5355.283 Thread 0x000001c4661e93c0 DEOPT UNPACKING pc=0x000001c44cacda82 sp=0x000000669b5fe3f0 mode 2

Classes loaded (20 events):
Event: 5354.412 Loading class sun/java2d/d3d/D3DGraphicsDevice$1Result
Event: 5354.412 Loading class sun/java2d/d3d/D3DGraphicsDevice$1Result done
Event: 5354.412 Loading class sun/java2d/d3d/D3DGraphicsDevice$1
Event: 5354.413 Loading class sun/java2d/d3d/D3DGraphicsDevice$1 done
Event: 5354.430 Loading class sun/java2d/d3d/D3DContext$D3DContextCaps
Event: 5354.430 Loading class sun/java2d/pipe/hw/ContextCapabilities
Event: 5354.430 Loading class sun/java2d/pipe/hw/ContextCapabilities done
Event: 5354.430 Loading class sun/java2d/d3d/D3DContext$D3DContextCaps done
Event: 5354.431 Loading class sun/awt/image/SurfaceManager$ProxyCache
Event: 5354.431 Loading class sun/awt/image/SurfaceManager$ProxyCache done
Event: 5354.433 Loading class sun/awt/Win32GraphicsConfig
Event: 5354.434 Loading class sun/awt/image/SurfaceManager$ProxiedGraphicsConfig
Event: 5354.434 Loading class sun/awt/image/SurfaceManager$ProxiedGraphicsConfig done
Event: 5354.435 Loading class java/awt/GraphicsConfiguration
Event: 5354.435 Loading class java/awt/GraphicsConfiguration done
Event: 5354.435 Loading class sun/awt/Win32GraphicsConfig done
Event: 5356.508 Loading class java/awt/MenuComponent
Event: 5356.509 Loading class java/awt/MenuComponent done
Event: 5356.509 Loading class java/awt/TrayIcon
Event: 5356.510 Loading class java/awt/TrayIcon done

Classes unloaded (0 events):
No events

Classes redefined (0 events):
No events

Internal exceptions (20 events):
Event: 5166.854 Thread 0x000001c4728f9f60 Exception <a 'sun/nio/fs/WindowsException'{0x000000065b005260}> (0x000000065b005260) 
thrown [s\src\hotspot\share\prims\jni.cpp, line 516]
Event: 5185.854 Thread 0x000001c4728f9f60 Exception <a 'sun/nio/fs/WindowsException'{0x000000065b006028}> (0x000000065b006028) 
thrown [s\src\hotspot\share\prims\jni.cpp, line 516]
Event: 5204.855 Thread 0x000001c4728f9f60 Exception <a 'sun/nio/fs/WindowsException'{0x000000065b006df0}> (0x000000065b006df0) 
thrown [s\src\hotspot\share\prims\jni.cpp, line 516]
Event: 5223.854 Thread 0x000001c4728f9f60 Exception <a 'sun/nio/fs/WindowsException'{0x0000000656a001d8}> (0x0000000656a001d8) 
thrown [s\src\hotspot\share\prims\jni.cpp, line 516]
Event: 5242.854 Thread 0x000001c4728f9f60 Exception <a 'sun/nio/fs/WindowsException'{0x0000000675b83d90}> (0x0000000675b83d90) 
thrown [s\src\hotspot\share\prims\jni.cpp, line 516]
Event: 5261.854 Thread 0x000001c4728f9f60 Exception <a 'sun/nio/fs/WindowsException'{0x0000000675b84b58}> (0x0000000675b84b58) 
thrown [s\src\hotspot\share\prims\jni.cpp, line 516]
Event: 5280.854 Thread 0x000001c4728f9f60 Exception <a 'sun/nio/fs/WindowsException'{0x0000000675b85920}> (0x0000000675b85920) 
thrown [s\src\hotspot\share\prims\jni.cpp, line 516]
Event: 5299.854 Thread 0x000001c4728f9f60 Exception <a 'sun/nio/fs/WindowsException'{0x0000000675b866e8}> (0x0000000675b866e8) 
thrown [s\src\hotspot\share\prims\jni.cpp, line 516]
Event: 5318.854 Thread 0x000001c4728f9f60 Exception <a 'sun/nio/fs/WindowsException'{0x0000000675b874b0}> (0x0000000675b874b0) 
thrown [s\src\hotspot\share\prims\jni.cpp, line 516]
Event: 5337.855 Thread 0x000001c4728f9f60 Exception <a 'sun/nio/fs/WindowsException'{0x0000000675b88278}> (0x0000000675b88278) 
thrown [s\src\hotspot\share\prims\jni.cpp, line 516]
Event: 5354.316 Thread 0x000001c46637f150 Implicit null exception at 0x000001c44d740fd4 to 0x000001c44d7416d4
Event: 5354.321 Thread 0x000001c46637f150 Implicit null exception at 0x000001c44df2d980 to 0x000001c44df2e084
Event: 5354.325 Thread 0x000001c46637f150 Implicit null exception at 0x000001c44da925ec to 0x000001c44da95574
Event: 5354.325 Thread 0x000001c46637f150 Implicit null exception at 0x000001c44da37587 to 0x000001c44da37c90
Event: 5354.327 Thread 0x000001c46637f150 Implicit null exception at 0x000001c44d8c4336 to 0x000001c44d8c594c
Event: 5354.328 Thread 0x000001c46637f150 Implicit null exception at 0x000001c44d7ff0fd to 0x000001c44d7ff20c
Event: 5354.348 Thread 0x000001c46637f150 Implicit null exception at 0x000001c44d8fe1b8 to 0x000001c44d8fe558
Event: 5354.357 Thread 0x000001c46637f150 Implicit null exception at 0x000001c44e041c71 to 0x000001c44e0424d0
Event: 5354.426 Thread 0x000001c46637f150 Implicit null exception at 0x000001c44e055e57 to 0x000001c44e056778
Event: 5356.863 Thread 0x000001c4728f9f60 Exception <a 'sun/nio/fs/WindowsException'{0x000000066d3cfc08}> (0x000000066d3cfc08) 
thrown [s\src\hotspot\share\prims\jni.cpp, line 516]

VM Operations (20 events):
Event: 5109.234 Executing non-safepoint VM operation: RendezvousGCThreads
Event: 5109.234 Executing non-safepoint VM operation: RendezvousGCThreads done
Event: 5169.346 Executing non-safepoint VM operation: HandshakeAllThreads (HandshakeForDeflation)
Event: 5169.346 Executing non-safepoint VM operation: HandshakeAllThreads (HandshakeForDeflation) done
Event: 5169.346 Executing non-safepoint VM operation: RendezvousGCThreads
Event: 5169.346 Executing non-safepoint VM operation: RendezvousGCThreads done
Event: 5229.468 Executing non-safepoint VM operation: HandshakeAllThreads (HandshakeForDeflation)
Event: 5229.468 Executing non-safepoint VM operation: HandshakeAllThreads (HandshakeForDeflation) done
Event: 5229.468 Executing non-safepoint VM operation: RendezvousGCThreads
Event: 5229.468 Executing non-safepoint VM operation: RendezvousGCThreads done
Event: 5239.641 Executing safepoint VM operation: G1CollectForAllocation (G1 Evacuation Pause)
Event: 5239.651 Executing safepoint VM operation: G1CollectForAllocation (G1 Evacuation Pause) done
Event: 5289.590 Executing non-safepoint VM operation: HandshakeAllThreads (HandshakeForDeflation)
Event: 5289.590 Executing non-safepoint VM operation: HandshakeAllThreads (HandshakeForDeflation) done
Event: 5289.590 Executing non-safepoint VM operation: RendezvousGCThreads
Event: 5289.590 Executing non-safepoint VM operation: RendezvousGCThreads done
Event: 5349.712 Executing non-safepoint VM operation: HandshakeAllThreads (HandshakeForDeflation)
Event: 5349.712 Executing non-safepoint VM operation: HandshakeAllThreads (HandshakeForDeflation) done
Event: 5349.712 Executing non-safepoint VM operation: RendezvousGCThreads
Event: 5349.712 Executing non-safepoint VM operation: RendezvousGCThreads done

Memory protections (0 events):
No events

Nmethod flushes (20 events):
Event: 28.218 Thread 0x000001c45dafbad0 flushing  nmethod 0x000001c4457f0188
Event: 28.218 Thread 0x000001c45dafbad0 flushing  nmethod 0x000001c4457f0508
Event: 28.218 Thread 0x000001c45dafbad0 flushing  nmethod 0x000001c44d124d08
Event: 28.218 Thread 0x000001c45dafbad0 flushing  nmethod 0x000001c44d1e4708
Event: 28.218 Thread 0x000001c45dafbad0 flushing  nmethod 0x000001c445611208
Event: 28.218 Thread 0x000001c45dafbad0 flushing  nmethod 0x000001c44587a708
Event: 28.218 Thread 0x000001c45dafbad0 flushing  nmethod 0x000001c445587b88
Event: 28.218 Thread 0x000001c45dafbad0 flushing  nmethod 0x000001c44558a708
Event: 28.218 Thread 0x000001c45dafbad0 flushing  nmethod 0x000001c44558aa08
Event: 28.218 Thread 0x000001c45dafbad0 flushing  nmethod 0x000001c44561ed88
Event: 28.218 Thread 0x000001c45dafbad0 flushing  nmethod 0x000001c44561f108
Event: 28.218 Thread 0x000001c45dafbad0 flushing  nmethod 0x000001c445896308
Event: 28.218 Thread 0x000001c45dafbad0 flushing  nmethod 0x000001c445977488
Event: 66.590 Thread 0x000001c45dafbad0 flushing  nmethod 0x000001c4456a0b08
Event: 66.590 Thread 0x000001c45dafbad0 flushing  nmethod 0x000001c44566d088
Event: 66.590 Thread 0x000001c45dafbad0 flushing  nmethod 0x000001c4456d9f08
Event: 66.590 Thread 0x000001c45dafbad0 flushing  nmethod 0x000001c445681f88
Event: 66.590 Thread 0x000001c45dafbad0 flushing  nmethod 0x000001c445836b08
Event: 66.590 Thread 0x000001c45dafbad0 flushing  nmethod 0x000001c445837088
Event: 66.590 Thread 0x000001c45dafbad0 flushing  nmethod 0x000001c44565a708

Events (20 events):
Event: 4374.419 Thread 0x000001c46cfd0ef0 Thread added: 0x000001c476c134b0
Event: 4375.428 Thread 0x000001c476c134b0 Thread exited: 0x000001c476c134b0
Event: 4381.981 Thread 0x000001c46cfd0ef0 Thread added: 0x000001c476c134b0
Event: 4383.874 Thread 0x000001c476c134b0 Thread exited: 0x000001c476c134b0
Event: 4771.841 Thread 0x000001c46cfd0ef0 Thread added: 0x000001c476c17b00
Event: 4772.852 Thread 0x000001c476c17b00 Thread exited: 0x000001c476c17b00
Event: 5260.843 Thread 0x000001c46cfd0ef0 Thread added: 0x000001c476c134b0
Event: 5263.730 Thread 0x000001c476c134b0 Thread exited: 0x000001c476c134b0
Event: 5265.518 Thread 0x000001c46cfd0ef0 Thread added: 0x000001c476c134b0
Event: 5267.257 Thread 0x000001c476c134b0 Thread exited: 0x000001c476c134b0
Event: 5349.213 Thread 0x000001c46cfd0ef0 Thread added: 0x000001c476c134b0
Event: 5350.924 Thread 0x000001c476c134b0 Thread exited: 0x000001c476c134b0
Event: 5351.824 Thread 0x000001c46cfd0ef0 Thread added: 0x000001c476c134b0
Event: 5352.833 Thread 0x000001c476c134b0 Thread exited: 0x000001c476c134b0
Event: 5353.667 Thread 0x000001c46cfd0ef0 Thread added: 0x000001c476c14450
Event: 5353.695 Thread 0x000001c46cfd0ef0 Thread added: 0x000001c476c19270
Event: 5356.508 Thread 0x000001c476c14450 Thread exited: 0x000001c476c14450
Event: 5356.510 Thread 0x000001c476c19270 Thread exited: 0x000001c476c19270
Event: 5364.741 Thread 0x000001c46cfd0ef0 Thread added: 0x000001c4661eca70
Event: 5364.759 Thread 0x000001c46cfd0ef0 Thread added: 0x000001c476d744e0


Dynamic libraries:
0x00007ff632fc0000 - 0x00007ff63305c000 	C:\Program Files\JabRef\JabRef.exe
0x00007ff98fbc0000 - 0x00007ff98fe26000 	C:\WINDOWS\SYSTEM32\ntdll.dll
0x00007ff98dee0000 - 0x00007ff98dfa9000 	C:\WINDOWS\System32\KERNEL32.DLL
0x00007ff98d0a0000 - 0x00007ff98d49e000 	C:\WINDOWS\System32\KERNELBASE.dll
0x00007ff98f3e0000 - 0x00007ff98fb72000 	C:\WINDOWS\System32\SHELL32.dll
0x00007ff98d840000 - 0x00007ff98d8e3000 	C:\WINDOWS\System32\msvcp_win.dll
0x00007ff98ce10000 - 0x00007ff98cf5c000 	C:\WINDOWS\System32\ucrtbase.dll
0x00007ff98e600000 - 0x00007ff98e7c7000 	C:\WINDOWS\System32\USER32.dll
0x00007ff98cde0000 - 0x00007ff98ce07000 	C:\WINDOWS\System32\win32u.dll
0x00007ff98efb0000 - 0x00007ff98efdb000 	C:\WINDOWS\System32\GDI32.dll
0x00007ff98cf70000 - 0x00007ff98d09a000 	C:\WINDOWS\System32\gdi32full.dll
0x00007ff98e830000 - 0x00007ff98e862000 	C:\WINDOWS\System32\IMM32.DLL
0x00007ff98efe0000 - 0x00007ff98f0d7000 	C:\WINDOWS\System32\shcore.dll
0x00007ff981510000 - 0x00007ff981527000 	C:\Program Files\JabRef\runtime\bin\jli.dll
0x00007ff98bfb0000 - 0x00007ff98c242000 	C:\WINDOWS\WinSxS\amd64_microsoft.windows.common-controls_6595b64144ccf1df_6.0.26100.8875_none_3e0d5d42e32fe9dd\COMCTL32.dll
0x00007ff98eb70000 - 0x00007ff98ec19000 	C:\WINDOWS\System32\msvcrt.dll
0x00007ff97a850000 - 0x00007ff97a86e000 	C:\Program Files\JabRef\runtime\bin\VCRUNTIME140.dll
0x00007ff97dba0000 - 0x00007ff97dbac000 	C:\Program Files\JabRef\runtime\bin\vcruntime140_1.dll
0x00007ff959fc0000 - 0x00007ff95a049000 	C:\Program Files\JabRef\runtime\bin\msvcp140.dll
0x00007ff9150a0000 - 0x00007ff915fd0000 	C:\Program Files\JabRef\runtime\bin\server\jvm.dll
0x00007ff98e540000 - 0x00007ff98e5f7000 	C:\WINDOWS\System32\ADVAPI32.dll
0x00007ff98dda0000 - 0x00007ff98de4a000 	C:\WINDOWS\System32\sechost.dll
0x00007ff98f2c0000 - 0x00007ff98f3d8000 	C:\WINDOWS\System32\RPCRT4.dll
0x00007ff98de50000 - 0x00007ff98ded0000 	C:\WINDOWS\System32\WS2_32.dll
0x00007ff98cc40000 - 0x00007ff98cc9e000 	C:\WINDOWS\SYSTEM32\POWRPROF.dll
0x00007ff984110000 - 0x00007ff984146000 	C:\WINDOWS\SYSTEM32\WINMM.dll
0x00007ff98b3f0000 - 0x00007ff98b3fb000 	C:\WINDOWS\SYSTEM32\VERSION.dll
0x00007ff98cc20000 - 0x00007ff98cc34000 	C:\WINDOWS\SYSTEM32\UMPDC.dll
0x00007ff98b520000 - 0x00007ff98b53b000 	C:\WINDOWS\SYSTEM32\kernel.appcore.dll
0x00007ff97cd80000 - 0x00007ff97cd8a000 	C:\Program Files\JabRef\runtime\bin\jimage.dll
0x00007ff98c570000 - 0x00007ff98c7b2000 	C:\WINDOWS\SYSTEM32\DBGHELP.DLL
0x00007ff98ec20000 - 0x00007ff98efa3000 	C:\WINDOWS\System32\combase.dll
0x00007ff98e870000 - 0x00007ff98e949000 	C:\WINDOWS\System32\OLEAUT32.dll
0x00007ff98c460000 - 0x00007ff98c49b000 	C:\WINDOWS\SYSTEM32\dbgcore.DLL
0x00007ff98d780000 - 0x00007ff98d82c000 	C:\WINDOWS\System32\bcryptPrimitives.dll
0x00007ff9759d0000 - 0x00007ff9759ef000 	C:\Program Files\JabRef\runtime\bin\java.dll
0x00007ff98e9d0000 - 0x00007ff98eb69000 	C:\WINDOWS\System32\ole32.dll
0x00007ff9758d0000 - 0x00007ff9758e6000 	C:\Program Files\JabRef\runtime\bin\zip.dll
0x00007ff9896d0000 - 0x00007ff989f62000 	C:\WINDOWS\SYSTEM32\windows.storage.dll
0x00007ff98e950000 - 0x00007ff98e9b7000 	C:\WINDOWS\System32\shlwapi.dll
0x00007ff98cd00000 - 0x00007ff98cd29000 	C:\WINDOWS\SYSTEM32\profapi.dll
0x00007ff975650000 - 0x00007ff975662000 	C:\Program Files\JabRef\runtime\bin\net.dll
0x00007ff98af30000 - 0x00007ff98af9c000 	C:\WINDOWS\system32\mswsock.dll
0x00007ff975630000 - 0x00007ff975646000 	C:\Program Files\JabRef\runtime\bin\nio.dll
0x00007ff98c8e0000 - 0x00007ff98c8fb000 	C:\WINDOWS\SYSTEM32\CRYPTSP.dll
0x00007ff98b350000 - 0x00007ff98b389000 	C:\WINDOWS\system32\rsaenh.dll
0x00007ff98afb0000 - 0x00007ff98afe2000 	C:\WINDOWS\SYSTEM32\USERENV.dll
0x00007ff98ccd0000 - 0x00007ff98ccfa000 	C:\WINDOWS\SYSTEM32\bcrypt.dll
0x00007ff98b330000 - 0x00007ff98b33c000 	C:\WINDOWS\SYSTEM32\CRYPTBASE.dll
0x00007ff98a4f0000 - 0x00007ff98a523000 	C:\WINDOWS\SYSTEM32\IPHLPAPI.DLL
0x00007ff98dfb0000 - 0x00007ff98dfba000 	C:\WINDOWS\System32\NSI.dll
0x00007ff973920000 - 0x00007ff973969000 	C:\Users\dani_\AppData\Local\Temp\jna-95350887\jna4997489785627883245.dll
0x00007ff98e070000 - 0x00007ff98e078000 	C:\WINDOWS\System32\PSAPI.DLL
0x00007ff97ad30000 - 0x00007ff97ad3a000 	C:\Program Files\JabRef\runtime\bin\management.dll
0x00007ff9784b0000 - 0x00007ff9784bc000 	C:\Program Files\JabRef\runtime\bin\management_ext.dll
0x00007ff9759c0000 - 0x00007ff9759c9000 	C:\Program Files\JabRef\runtime\bin\prefs.dll
0x00007ff975990000 - 0x00007ff9759a0000 	C:\Program Files\JabRef\runtime\bin\verify.dll
0x00007ff9758c0000 - 0x00007ff9758c9000 	C:\Program Files\JabRef\runtime\bin\extnet.dll
0x00007ff98a5d0000 - 0x00007ff98a726000 	C:\WINDOWS\SYSTEM32\DNSAPI.dll
0x00007ff98ad50000 - 0x00007ff98ad5d000 	C:\WINDOWS\SYSTEM32\DSPARSE.dll
0x00007ff9815a0000 - 0x00007ff9815ab000 	C:\Windows\System32\rasadhlp.dll
0x00007ff9849a0000 - 0x00007ff984a26000 	C:\WINDOWS\System32\fwpuclnt.dll
0x00007ff98b700000 - 0x00007ff98b7a0000 	C:\WINDOWS\system32\apphelp.dll
0x000001c42e5c0000 - 0x000001c42e5c4000 	C:\Users\dani_\.openjfx\cache\26.0.1+0\amd64\api-ms-win-core-console-l1-1-0.dll
0x000001c42e5d0000 - 0x000001c42e5d4000 	C:\Users\dani_\.openjfx\cache\26.0.1+0\amd64\api-ms-win-core-console-l1-2-0.dll
0x000001c42ede0000 - 0x000001c42ede4000 	C:\Users\dani_\.openjfx\cache\26.0.1+0\amd64\api-ms-win-core-datetime-l1-1-0.dll
0x000001c460f80000 - 0x000001c460f84000 	C:\Users\dani_\.openjfx\cache\26.0.1+0\amd64\api-ms-win-core-debug-l1-1-0.dll
0x000001c460f90000 - 0x000001c460f94000 	C:\Users\dani_\.openjfx\cache\26.0.1+0\amd64\api-ms-win-core-errorhandling-l1-1-0.dll
0x000001c460fa0000 - 0x000001c460fa5000 	C:\Users\dani_\.openjfx\cache\26.0.1+0\amd64\api-ms-win-core-file-l1-1-0.dll
0x000001c460fb0000 - 0x000001c460fb4000 	C:\Users\dani_\.openjfx\cache\26.0.1+0\amd64\api-ms-win-core-file-l1-2-0.dll
0x000001c460fc0000 - 0x000001c460fc4000 	C:\Users\dani_\.openjfx\cache\26.0.1+0\amd64\api-ms-win-core-file-l2-1-0.dll
0x000001c460fd0000 - 0x000001c460fd4000 	C:\Users\dani_\.openjfx\cache\26.0.1+0\amd64\api-ms-win-core-handle-l1-1-0.dll
0x000001c460fe0000 - 0x000001c460fe4000 	C:\Users\dani_\.openjfx\cache\26.0.1+0\amd64\api-ms-win-core-heap-l1-1-0.dll
0x000001c460ff0000 - 0x000001c460ff4000 	C:\Users\dani_\.openjfx\cache\26.0.1+0\amd64\api-ms-win-core-interlocked-l1-1-0.dll
0x000001c467ae0000 - 0x000001c467ae4000 	C:\Users\dani_\.openjfx\cache\26.0.1+0\amd64\api-ms-win-core-libraryloader-l1-1-0.dll
0x000001c467af0000 - 0x000001c467af4000 	C:\Users\dani_\.openjfx\cache\26.0.1+0\amd64\api-ms-win-core-localization-l1-2-0.dll
0x000001c467b00000 - 0x000001c467b04000 	C:\Users\dani_\.openjfx\cache\26.0.1+0\amd64\api-ms-win-core-memory-l1-1-0.dll
0x000001c467b10000 - 0x000001c467b14000 	C:\Users\dani_\.openjfx\cache\26.0.1+0\amd64\api-ms-win-core-namedpipe-l1-1-0.dll
0x000001c467b20000 - 0x000001c467b24000 	C:\Users\dani_\.openjfx\cache\26.0.1+0\amd64\api-ms-win-core-processenvironment-l1-1-0.dll
0x000001c467b30000 - 0x000001c467b34000 	C:\Users\dani_\.openjfx\cache\26.0.1+0\amd64\api-ms-win-core-processthreads-l1-1-0.dll
0x000001c467b40000 - 0x000001c467b44000 	C:\Users\dani_\.openjfx\cache\26.0.1+0\amd64\api-ms-win-core-processthreads-l1-1-1.dll
0x000001c467b50000 - 0x000001c467b54000 	C:\Users\dani_\.openjfx\cache\26.0.1+0\amd64\api-ms-win-core-profile-l1-1-0.dll
0x000001c467b60000 - 0x000001c467b64000 	C:\Users\dani_\.openjfx\cache\26.0.1+0\amd64\api-ms-win-core-rtlsupport-l1-1-0.dll
0x000001c467b70000 - 0x000001c467b74000 	C:\Users\dani_\.openjfx\cache\26.0.1+0\amd64\api-ms-win-core-string-l1-1-0.dll
0x000001c467b80000 - 0x000001c467b84000 	C:\Users\dani_\.openjfx\cache\26.0.1+0\amd64\api-ms-win-core-synch-l1-1-0.dll
0x000001c467b90000 - 0x000001c467b94000 	C:\Users\dani_\.openjfx\cache\26.0.1+0\amd64\api-ms-win-core-synch-l1-2-0.dll
0x000001c467ba0000 - 0x000001c467ba4000 	C:\Users\dani_\.openjfx\cache\26.0.1+0\amd64\api-ms-win-core-sysinfo-l1-1-0.dll
0x000001c467bb0000 - 0x000001c467bb4000 	C:\Users\dani_\.openjfx\cache\26.0.1+0\amd64\api-ms-win-core-timezone-l1-1-0.dll
0x000001c467bc0000 - 0x000001c467bc4000 	C:\Users\dani_\.openjfx\cache\26.0.1+0\amd64\api-ms-win-core-util-l1-1-0.dll
0x000001c467bd0000 - 0x000001c467bd4000 	C:\Users\dani_\.openjfx\cache\26.0.1+0\amd64\api-ms-win-crt-conio-l1-1-0.dll
0x000001c467be0000 - 0x000001c467be5000 	C:\Users\dani_\.openjfx\cache\26.0.1+0\amd64\api-ms-win-crt-convert-l1-1-0.dll
0x000001c467bf0000 - 0x000001c467bf4000 	C:\Users\dani_\.openjfx\cache\26.0.1+0\amd64\api-ms-win-crt-environment-l1-1-0.dll
0x000001c467c00000 - 0x000001c467c04000 	C:\Users\dani_\.openjfx\cache\26.0.1+0\amd64\api-ms-win-crt-filesystem-l1-1-0.dll
0x000001c467c10000 - 0x000001c467c14000 	C:\Users\dani_\.openjfx\cache\26.0.1+0\amd64\api-ms-win-crt-heap-l1-1-0.dll
0x000001c467c20000 - 0x000001c467c24000 	C:\Users\dani_\.openjfx\cache\26.0.1+0\amd64\api-ms-win-crt-locale-l1-1-0.dll
0x000001c467c30000 - 0x000001c467c36000 	C:\Users\dani_\.openjfx\cache\26.0.1+0\amd64\api-ms-win-crt-math-l1-1-0.dll
0x000001c467c40000 - 0x000001c467c46000 	C:\Users\dani_\.openjfx\cache\26.0.1+0\amd64\api-ms-win-crt-multibyte-l1-1-0.dll
0x000001c467c50000 - 0x000001c467c61000 	C:\Users\dani_\.openjfx\cache\26.0.1+0\amd64\api-ms-win-crt-private-l1-1-0.dll
0x000001c467c70000 - 0x000001c467c74000 	C:\Users\dani_\.openjfx\cache\26.0.1+0\amd64\api-ms-win-crt-process-l1-1-0.dll
0x000001c467c80000 - 0x000001c467c85000 	C:\Users\dani_\.openjfx\cache\26.0.1+0\amd64\api-ms-win-crt-runtime-l1-1-0.dll
0x000001c467c90000 - 0x000001c467c95000 	C:\Users\dani_\.openjfx\cache\26.0.1+0\amd64\api-ms-win-crt-stdio-l1-1-0.dll
0x000001c467ca0000 - 0x000001c467ca5000 	C:\Users\dani_\.openjfx\cache\26.0.1+0\amd64\api-ms-win-crt-string-l1-1-0.dll
0x000001c467cb0000 - 0x000001c467cb4000 	C:\Users\dani_\.openjfx\cache\26.0.1+0\amd64\api-ms-win-crt-time-l1-1-0.dll
0x000001c467cc0000 - 0x000001c467cc4000 	C:\Users\dani_\.openjfx\cache\26.0.1+0\amd64\api-ms-win-crt-utility-l1-1-0.dll
0x00007ff914680000 - 0x00007ff914791000 	C:\Users\dani_\.openjfx\cache\26.0.1+0\amd64\ucrtbase.dll
0x00007ff971860000 - 0x00007ff97187e000 	C:\Users\dani_\.openjfx\cache\26.0.1+0\amd64\vcruntime140.dll
0x00007ff975710000 - 0x00007ff97571c000 	C:\Users\dani_\.openjfx\cache\26.0.1+0\amd64\vcruntime140_1.dll
0x00007ff955280000 - 0x00007ff95530d000 	C:\Users\dani_\.openjfx\cache\26.0.1+0\amd64\msvcp140.dll
0x00007ff973ac0000 - 0x00007ff973ac9000 	C:\Users\dani_\.openjfx\cache\26.0.1+0\amd64\msvcp140_1.dll
0x00007ff971690000 - 0x00007ff9716d1000 	C:\Users\dani_\.openjfx\cache\26.0.1+0\amd64\msvcp140_2.dll
0x00007ff971290000 - 0x00007ff9712c0000 	C:\Users\dani_\.openjfx\cache\26.0.1+0\amd64\prism_d3d.dll
0x00007ff97c360000 - 0x00007ff97c512000 	C:\WINDOWS\system32\d3d9.dll
0x00007ff9891c0000 - 0x00007ff9891ef000 	C:\WINDOWS\SYSTEM32\dwmapi.dll
0x00007ff989260000 - 0x00007ff9892a6000 	C:\WINDOWS\SYSTEM32\dxcore.dll
0x00007ff988aa0000 - 0x00007ff988b49000 	C:\WINDOWS\system32\uxtheme.dll
0x00007ff985e70000 - 0x00007ff985ecf000 	C:\WINDOWS\SYSTEM32\directxdatabasehelper.dll
0x00007ff95b370000 - 0x00007ff95b3b9000 	C:\Users\dani_\.openjfx\cache\26.0.1+0\amd64\glass.dll
0x00007ff98dbc0000 - 0x00007ff98dcb2000 	C:\WINDOWS\System32\COMDLG32.dll
0x00007ff98dcc0000 - 0x00007ff98dd6e000 	C:\WINDOWS\System32\clbcatq.dll
0x00007ff97d530000 - 0x00007ff97d68a000 	C:\Windows\System32\Windows.UI.dll
0x00007ff95ad50000 - 0x00007ff95ae09000 	C:\Windows\System32\Windows.Networking.Connectivity.dll
0x00007ff984d20000 - 0x00007ff984f6f000 	C:\Windows\System32\twinapi.appcore.dll
0x00007ff985420000 - 0x00007ff98558a000 	C:\Windows\System32\WinTypes.dll
0x00007ff98d970000 - 0x00007ff98dacd000 	C:\WINDOWS\System32\MSCTF.dll
0x00007ff978f30000 - 0x00007ff979081000 	C:\Windows\System32\Windows.UI.Immersive.dll
0x00007ff9808d0000 - 0x00007ff9808e9000 	C:\WINDOWS\System32\npmproxy.dll
0x00007ff97c530000 - 0x00007ff97c543000 	C:\Windows\System32\dusmapi.dll
0x00007ff971270000 - 0x00007ff971285000 	C:\Users\dani_\.openjfx\cache\26.0.1+0\amd64\javafx_font.dll

JVMTI agents: none

dbghelp: loaded successfully - version: 4.0.5 - missing functions: none
symbol engine: initialized successfully - sym options: 0x614 - pdb path: .;C:\Program Files\JabRef;C:\WINDOWS\SYSTEM32;C:\Program Files\JabRef\runtime\bin;C:\WINDOWS\WinSxS\amd64_microsoft.windows.common-controls_6595b64144ccf1df_6.0.26100.8875_none_3e0d5d42e32fe9dd;C:\Program Files\JabRef\runtime\bin\server;C:\Users\dani_\AppData\Local\Temp\jna-95350887;C:\Users\dani_\.openjfx\cache\26.0.1+0\amd64;C:\WINDOWS\System32\DriverStore\FileRepository\u0416554.inf_amd64_1b1df52faf657020\B416000;C:\Users\dani_\.djl.ai\pytorch\2.7.1-cpu-win-x86_64;C:\Users\dani_\.djl.ai\tokenizers\0.21.0-0.36.0-cpu-win-x86_64;C:\Program Files\Common Files\Microsoft Shared\Ink;C:\Program Files\Microsoft OneDrive\26.123.0628.0001;C:\Program Files\Google\Drive File Stream\128.0.0.0;C:\WINDOWS\WinSxS\amd64_microsoft.windows.gdiplus_6595b64144ccf1df_1.1.26100.8875_none_6ef850283dc263ab

VM Arguments:
jvm_args: -Djpackage.app-version=6.0.34038 --add-modules=jdk.incubator.vector --enable-native-access=ai.djl.tokenizers,ai.djl.pytorch_engine,com.sun.jna,javafx.graphics,javafx.media,javafx.web,org.apache.lucene.core,jkeychain --add-opens=java.base/java.nio=org.apache.pdfbox.io --add-opens=java.base/jdk.internal.ref=org.apache.pdfbox.io -XX:+UnlockExperimentalVMOptions -XX:+UseCompactObjectHeaders -XX:+UseStringDeduplication -Djpackage.app-path=C:\Program Files\JabRef\JabRef.exe -Djdk.module.main=org.jabref 
java_command: org.jabref/org.jabref.Launcher C:\Users\dani_\OneDrive - TU Wien\00_PhD\06_Literatur\Dual Stage Actuation\DP_PhD_Bib.bib
java_class_path (initial): <not set>
Launcher Type: SUN_STANDARD

[Global flags]
     intx CICompilerCount                          = 12                                        {product} {ergonomic}
     uint ConcGCThreads                            = 3                                         {product} {ergonomic}
     uint G1ConcRefinementThreads                  = 13                                        {product} {ergonomic}
     uint G1EagerReclaimRemSetThreshold            = 32                                   {experimental} {ergonomic}
   size_t G1HeapRegionSize                         = 4194304                                   {product} {ergonomic}
     uint G1RemSetArrayOfCardsEntries              = 32                                   {experimental} {ergonomic}
     uint G1RemSetHowlMaxNumBuckets                = 8                                    {experimental} {ergonomic}
     uint G1RemSetHowlNumBuckets                   = 8                                    {experimental} {ergonomic}
   size_t InitialHeapSize                          = 469762048                                 {product} {ergonomic}
   size_t MarkStackSize                            = 4194304                                   {product} {ergonomic}
   size_t MarkStackSizeMax                         = 536870912                                 {product} {ergonomic}
   size_t MaxHeapSize                              = 7470055424                                {product} {ergonomic}
   size_t MaxNewSize                               = 4479516672                                {product} {ergonomic}
   size_t MinHeapDeltaBytes                        = 4194304                                   {product} {ergonomic}
   size_t MinHeapSize                              = 8388608                                   {product} {ergonomic}
    uintx NonNMethodCodeHeapSize                   = 7667712                                {pd product} {ergonomic}
    uintx NonProfiledCodeHeapSize                  = 122028032                              {pd product} {ergonomic}
    uintx ProfiledCodeHeapSize                     = 122028032                              {pd product} {ergonomic}
    uintx ReservedCodeCacheSize                    = 251723776                              {pd product} {ergonomic}
     bool SegmentedCodeCache                       = true                                      {product} {ergonomic}
   size_t SoftMaxHeapSize                          = 7470055424                             {manageable} {ergonomic}
     bool UnlockExperimentalVMOptions              = true                                 {experimental} {command line}
     bool UseCompactObjectHeaders                  = true                           {product lp64_product} {command line}
     bool UseCompressedOops                        = true                           {product lp64_product} {ergonomic}
     bool UseG1GC                                  = true                                      {product} {ergonomic}
     bool UseLargePagesIndividualAllocation        = false                                  {pd product} {ergonomic}
     bool UseStringDeduplication                   = true                                      {product} {command line}

Logging:
Log output configuration:
 #0: stdout all=warning uptime,level,tags foldmultilines=false
 #1: stderr all=off uptime,level,tags foldmultilines=false

Release file:
JAVA_VERSION="25.0.3" 
MODULES="java.base jakarta.annotation jakarta.inject java.datatransfer java.xml java.prefs java.desktop jdk.jfr javafx.base javafx.graphics javafx.controls java.scripting javafx.fxml org.slf4j afterburner.fx java.logging java.transaction.xa java.sql com.google.gson ai.djl.api ai.djl.pytorch_engine ai.djl.pytorch_model_zoo ai.djl.tokenizers jbibtex org.antlr.antlr4.runtime org.apache.commons.lang3 org.apache.commons.text citeproc.java com.dd.plist com.dlsc.pickerfx java.measure tech.uom.lib.common tech.units.indriya com.dlsc.unitfx org.jetbrains.annotations com.github.weisj.jsvg jdk.unsupported.desktop javafx.swing net.synedra.validatorfx one.jpro.platform.utils commons.collections java.management org.jspecify org.apache.logging.log4j org.apache.commons.logging commons.beanutils commons.digester org.apache.commons.validator java.net.http javafx.media org.controlsfx.controls org.kordamp.ikonli.core org.kordamp.ikonli.bootstrapicons org.kordamp.ikonli.javafx org.kordamp.ikonli.materialdesign com.dlsc.gemsfx org.apache.pdfbox.io org.apache.fontbox org.apache.pdfbox com.dlsc.pdfviewfx org.codehaus.stax2 com.fasterxml.aalto com.fasterxml.jackson.annotation com.fasterxml.jackson.core com.fasterxml.jackson.databind com.fasterxml.jackson.datatype.jdk8 com.github.benmanes.caffeine scala.library com.lihaoyi.geny com.lihaoyi.sourcecode fastparse com.github.tomtung.latex2unicode com.google.common.util.concurrent.internal com.google.common com.h2database.mvstore com.ibm.icu com.sun.jna com.sun.jna.platform com.tobiasdiez.easybind cuid doc.annotations typetools de.saxsys.mvvmfx de.saxsys.mvvmfx.validation embedded.postgres.binaries.darwin.amd64 embedded.postgres.binaries.linux.amd64 embedded.postgres.binaries.linux.amd64.alpine embedded.postgres.binaries.windows.amd64 org.apache.commons.codec org.apache.commons.io org.tukaani.xz org.apache.commons.compress java.security.sasl java.naming org.postgresql.jdbc embedded.postgres embedded.postgres.binaries.darwi
Environment Variables:
PATH=C:\Program Files (x86)\NVIDIA Corporation\PhysX\Common;C:\Program Files\MATLAB\R2025a\runtime\win64;C:\Program Files\MATLAB\R2025a\bin;C:\Program Files\MATLAB\R2022a\bin\win64;C:\WINDOWS\system32;C:\WINDOWS;C:\WINDOWS\System32\Wbem;C:\WINDOWS\System32\WindowsPowerShell\v1.0\;C:\WINDOWS\System32\OpenSSH\;C:\Program Files\Microsoft SQL Server\Client SDK\ODBC\110\Tools\Binn\;C:\Program Files (x86)\Microsoft SQL Server\120\Tools\Binn\;C:\Program Files\Microsoft SQL Server\120\Tools\Binn\;C:\Program Files\Microsoft SQL Server\120\DTS\Binn\;C:\Program Files (x86)\Windows Kits\8.1\Windows Performance Toolkit\;C:\Program Files\dotnet\;C:\Program Files\Inkscape\bin;C:\perl\c\bin;C:\perl\perl\site\bin;C:\perl\perl\bin;C:\Program Files (x86)\Gpg4win\..\GnuPG\bin;C:\Program Files\WireGuard\;C:\Program Files\Git\cmd;C:\Users\dani_\AppData\Local\Microsoft\WindowsApps;C:\Users\dani_\AppData\Local\Programs\MiKTeX\miktex\bin\x64\;C:\Users\dani_\AppData\Local\GitHubDesktop\bin;C:\WINDOWS\system32;C:\WINDOWS;C:\WINDOWS\System32\Wbem;C:\WINDOWS\System32\WindowsPowerShell\v1.0\;C:\WINDOWS\System32\OpenSSH\;C:\Program Files (x86)\Windows Kits\10\Windows Performance Toolkit\;C:\Program Files\PuTTY\;C:\Users\dani_\AppData\Local\Microsoft\WindowsApps;C:\Users\dani_\AppData\Local\Programs\MiKTeX\miktex\bin\x64\;C:\Users\dani_\AppData\Local\GitHubDesktop\bin;C:\Users\dani_\AppData\Local\Programs\Microsoft VS Code\bin;C:\Program Files\JabRef\app
USERNAME=dani_
OS=Windows_NT
PROCESSOR_IDENTIFIER=AMD64 Family 25 Model 80 Stepping 0, AuthenticAMD
TMP=C:\Users\dani_\AppData\Local\Temp
TEMP=C:\Users\dani_\AppData\Local\Temp




Compilation memory statistics disabled.

Periodic native trim disabled

---------------  S Y S T E M  ---------------

OS:
 Windows 11 , 64 bit Build 26100 (10.0.26100.8875)
OS uptime: 7 days 21:25 hours
Hyper-V role detected

CPU: total 16 (initial active 16) (16 cores per cpu, 2 threads per core) family 25 model 80 stepping 0 microcode 0xa500014, cx8, cmov, fxsr, ht, mmx, 3dnowpref, sse, sse2, sse3, ssse3, sse4a, sse4.1, sse4.2, popcnt, lzcnt, tsc, tscinvbit, avx, avx2, aes, erms, clmul, bmi1, bmi2, adx, sha, fma, vzeroupper, clflush, clflushopt, clwb, hv, rdtscp, rdpid, fsrm, f16c, cet_ss
Processor Information for the first 16 processors :
  Max Mhz: 1901, Current Mhz: 1901, Mhz Limit: 1901

Memory: 4k page, system-wide physical 28494M (14945M free)
TotalPageFile size 33358M (AvailPageFile size 15630M)
current process WorkingSet (physical memory assigned to process): 1138M, peak: 1819M
current process commit charge ("private bytes"): 1460M, peak: 1569M

vm_info: OpenJDK 64-Bit Server VM (25.0.3+9-LTS) for windows-amd64 JRE (25.0.3+9-LTS), built on 2026-04-20T14:06:41Z with MS VC++ 17.14 (VS2022)

END.
